kolom1,pdf,omschrijving
DA1975440,leeg.pdf,
DA1929494,leeg.pdf,
DA1921415,leeg.pdf,
DA1767078,leeg.pdf,
DA1906684,leeg.pdf,
DA1815918,leeg.pdf,
DA1810258,leeg.pdf,
DA1934416,leeg.pdf,
DA1723240,leeg.pdf,
DA1791382,leeg.pdf,
DA1947923,leeg.pdf,
DA1798797,leeg.pdf,
DA1966248,leeg.pdf,
DA1863223,leeg.pdf,
DA1772983,leeg.pdf,
DA1789715,leeg.pdf,
DA1791279,leeg.pdf,
DA1818001,leeg.pdf,
DA1776845,leeg.pdf,
DA1862242,leeg.pdf,
DA1853454,leeg.pdf,
DA1821072,leeg.pdf,
DA1720494,leeg.pdf,
DA1803155,leeg.pdf,
DA1791209,leeg.pdf,
DA1927040,leeg.pdf,
DA1925310,leeg.pdf,
DA1991880,leeg.pdf,
DA1898063,leeg.pdf,
DA1780862,leeg.pdf,
DA1709118,leeg.pdf,
DA1828376,leeg.pdf,
DA1987810,leeg.pdf,
DA1772048,leeg.pdf,
DA1963709,leeg.pdf,
DA1873615,leeg.pdf,
DA1731091,leeg.pdf,
DA1860034,leeg.pdf,
DA1902786,leeg.pdf,
DA1945109,leeg.pdf,
DA1774349,leeg.pdf,
DA1798989,leeg.pdf,
DA1842589,leeg.pdf,
DA1886614,leeg.pdf,
DA1745408,leeg.pdf,
DA1757474,leeg.pdf,
DA1851745,leeg.pdf,
DA1877733,leeg.pdf,
DA1810515,leeg.pdf,
DA1725961,leeg.pdf,
DA1779622,leeg.pdf,
DA1744168,leeg.pdf,
DA1715371,leeg.pdf,
DA1987776,leeg.pdf,
DA1772943,leeg.pdf,
DA1857059,leeg.pdf,
DA1908558,leeg.pdf,
DA1901576,leeg.pdf,
DA1788667,leeg.pdf,
DA1805935,leeg.pdf,
DA1946734,leeg.pdf,
DA1741570,leeg.pdf,
DA1873721,leeg.pdf,
DA1767518,leeg.pdf,
DA1742464,leeg.pdf,
DA1976499,leeg.pdf,
DA1986084,leeg.pdf,
DA1876737,leeg.pdf,
DA1808275,leeg.pdf,
DA1989514,leeg.pdf,
DA1827242,leeg.pdf,
DA1984871,leeg.pdf,
DA1864671,leeg.pdf,
DA1941981,leeg.pdf,
DA1822830,leeg.pdf,
DA1866500,leeg.pdf,
DA1812358,leeg.pdf,
DA1770905,leeg.pdf,
DA1995571,leeg.pdf,
DA1724442,leeg.pdf,
DA1860351,leeg.pdf,
DA1931326,leeg.pdf,
DA1797368,leeg.pdf,
DA1757549,leeg.pdf,
DA1750962,leeg.pdf,
DA1819519,leeg.pdf,
DA1846678,leeg.pdf,
DA1915340,leeg.pdf,
DA1766198,leeg.pdf,
DA1761540,leeg.pdf,
DA1774711,leeg.pdf,
DA1784036,leeg.pdf,
DA1997945,leeg.pdf,
DA1959098,leeg.pdf,
DA1845783,leeg.pdf,
DA1962065,leeg.pdf,
DA1929020,leeg.pdf,
DA1748005,leeg.pdf,
DA1738854,leeg.pdf,
DA1707554,leeg.pdf,
DA1713387,leeg.pdf,
DA1712766,leeg.pdf,
DA1833770,leeg.pdf,
DA1827172,leeg.pdf,
DA1869355,leeg.pdf,
DA1966129,leeg.pdf,
DA1958363,leeg.pdf,
DA1730116,leeg.pdf,
DA1743982,leeg.pdf,
DA1758742,leeg.pdf,
DA1888339,leeg.pdf,
DA1868669,leeg.pdf,
DA1988776,leeg.pdf,
DA1908404,leeg.pdf,
DA1718061,leeg.pdf,
DA1867352,leeg.pdf,
DA1720563,leeg.pdf,
DA1956730,leeg.pdf,
DA1737110,leeg.pdf,
DA1959967,leeg.pdf,
DA1796631,leeg.pdf,
DA1917094,leeg.pdf,
DA1849382,leeg.pdf,
DA1839748,leeg.pdf,
DA1737256,leeg.pdf,
DA1779337,leeg.pdf,
DA1856855,leeg.pdf,
DA1828679,leeg.pdf,
DA1996062,leeg.pdf,
DA1785404,leeg.pdf,
DA1719090,leeg.pdf,
DA1888214,leeg.pdf,
DA1923577,leeg.pdf,
DA1746079,leeg.pdf,
DA1792361,leeg.pdf,
DA1807893,leeg.pdf,
DA1928206,leeg.pdf,
DA1955691,leeg.pdf,
DA1752178,leeg.pdf,
DA1753596,leeg.pdf,
DA1985011,leeg.pdf,
DA1872410,leeg.pdf,
DA1971666,leeg.pdf,
DA1946044,leeg.pdf,
DA1703159,leeg.pdf,
DA1799105,leeg.pdf,
DA1907494,leeg.pdf,
DA1999951,leeg.pdf,
DA1836165,leeg.pdf,
DA1840143,leeg.pdf,
DA1830252,leeg.pdf,
DA1835086,leeg.pdf,
DA1734768,leeg.pdf,
DA1954373,leeg.pdf,
DA1863894,leeg.pdf,
DA1783074,leeg.pdf,
DA1869215,leeg.pdf,
DA1798174,leeg.pdf,
DA1940704,leeg.pdf,
DA1917241,leeg.pdf,
DA1883498,leeg.pdf,
DA1777777,leeg.pdf,
DA1866701,leeg.pdf,
DA1983999,leeg.pdf,
DA1723900,leeg.pdf,
DA1917446,leeg.pdf,
DA1896908,leeg.pdf,
DA1833560,leeg.pdf,
DA1819039,leeg.pdf,
DA1927236,leeg.pdf,
DA1779401,leeg.pdf,
DA1876054,leeg.pdf,
DA1857394,leeg.pdf,
DA1846693,leeg.pdf,
DA1844517,leeg.pdf,
DA1910066,leeg.pdf,
DA1988720,leeg.pdf,
DA1819504,leeg.pdf,
DA1907263,leeg.pdf,
DA1892410,leeg.pdf,
DA1938261,leeg.pdf,
DA1836551,leeg.pdf,
DA1769424,leeg.pdf,
DA1772077,leeg.pdf,
DA1806299,leeg.pdf,
DA1850472,leeg.pdf,
DA1812004,leeg.pdf,
DA1772338,leeg.pdf,
DA1874645,leeg.pdf,
DA1904973,leeg.pdf,
DA1991582,leeg.pdf,
DA1705916,leeg.pdf,
DA1840315,leeg.pdf,
DA1833517,leeg.pdf,
DA1975609,leeg.pdf,
DA1774057,leeg.pdf,
DA1885492,leeg.pdf,
DA1727165,leeg.pdf,
DA1810342,leeg.pdf,
DA1823901,leeg.pdf,
DA1851044,leeg.pdf,
DA1707582,leeg.pdf,
DA1726858,leeg.pdf,
DA1800547,leeg.pdf,
DA1769515,leeg.pdf,
DA1716458,leeg.pdf,
DA1935018,leeg.pdf,
DA1908982,leeg.pdf,
DA1904397,leeg.pdf,
DA1808869,leeg.pdf,
DA1908756,leeg.pdf,
DA1716776,leeg.pdf,
DA1923590,leeg.pdf,
DA1885638,leeg.pdf,
DA1875990,leeg.pdf,
DA1927295,leeg.pdf,
DA1736267,leeg.pdf,
DA1939276,leeg.pdf,
DA1787284,leeg.pdf,
DA1740181,leeg.pdf,
DA1733836,leeg.pdf,
DA1873399,leeg.pdf,
DA1750338,leeg.pdf,
DA1790892,leeg.pdf,
DA1889846,leeg.pdf,
DA1866397,leeg.pdf,
DA1893124,leeg.pdf,
DA1863003,leeg.pdf,
DA1781313,leeg.pdf,
DA1747737,leeg.pdf,
DA1955828,leeg.pdf,
DA1947210,leeg.pdf,
DA1888263,leeg.pdf,
DA1743941,leeg.pdf,
DA1721140,leeg.pdf,
DA1825437,leeg.pdf,
DA1919991,leeg.pdf,
DA1753013,leeg.pdf,
DA1987652,leeg.pdf,
DA1969607,leeg.pdf,
DA1716055,leeg.pdf,
DA1995793,leeg.pdf,
DA1884703,leeg.pdf,
DA1919789,leeg.pdf,
DA1719906,leeg.pdf,
DA1883638,leeg.pdf,
DA1824320,leeg.pdf,
DA1893723,leeg.pdf,
DA1930126,leeg.pdf,
DA1859377,leeg.pdf,
DA1807051,leeg.pdf,
DA1859917,leeg.pdf,
DA1704237,leeg.pdf,
DA1967632,leeg.pdf,
DA1920829,leeg.pdf,
DA1911724,leeg.pdf,
DA1882981,leeg.pdf,
DA1939403,leeg.pdf,
DA1742970,leeg.pdf,
DA1976533,leeg.pdf,
DA1864442,leeg.pdf,
DA1745978,leeg.pdf,
DA1957549,leeg.pdf,
DA1723402,leeg.pdf,
DA1889026,leeg.pdf,
DA1760333,leeg.pdf,
DA1763454,leeg.pdf,
DA1736484,leeg.pdf,
DA1806768,leeg.pdf,
DA1716921,leeg.pdf,
DA1711161,leeg.pdf,
DA1959203,leeg.pdf,
DA1845112,leeg.pdf,
DA1879056,leeg.pdf,
DA1714116,leeg.pdf,
DA1986861,leeg.pdf,
DA1868441,leeg.pdf,
DA1757869,leeg.pdf,
DA1897203,leeg.pdf,
DA1797100,leeg.pdf,
DA1933717,leeg.pdf,
DA1737224,leeg.pdf,
DA1818714,leeg.pdf,
DA1867107,leeg.pdf,
DA1959038,leeg.pdf,
DA1824564,leeg.pdf,
DA1708879,leeg.pdf,
DA1810436,leeg.pdf,
DA1852868,leeg.pdf,
DA1844914,leeg.pdf,
DA1798534,leeg.pdf,
DA1769889,leeg.pdf,
DA1871838,leeg.pdf,
DA1710229,leeg.pdf,
DA1855277,leeg.pdf,
DA1986848,leeg.pdf,
DA1811102,leeg.pdf,
DA1780364,leeg.pdf,
DA1843010,leeg.pdf,
DA1868461,leeg.pdf,
DA1801947,leeg.pdf,
DA1955516,leeg.pdf,
DA1868910,leeg.pdf,
DA1711029,leeg.pdf,
DA1956825,leeg.pdf,
DA1732532,leeg.pdf,
DA1868832,leeg.pdf,
DA1732209,leeg.pdf,
DA1835110,leeg.pdf,
DA1757226,leeg.pdf,
DA1863597,leeg.pdf,
DA1907336,leeg.pdf,
DA1919645,leeg.pdf,
DA1910644,leeg.pdf,
DA1766409,leeg.pdf,
DA1890076,leeg.pdf,
DA1801145,leeg.pdf,
DA1716505,leeg.pdf,
DA1962137,leeg.pdf,
DA1930293,leeg.pdf,
DA1867915,leeg.pdf,
DA1949258,leeg.pdf,
DA1867765,leeg.pdf,
DA1988429,leeg.pdf,
DA1863289,leeg.pdf,
DA1742985,leeg.pdf,
DA1908063,leeg.pdf,
DA1873162,leeg.pdf,
DA1823240,leeg.pdf,
DA1743631,leeg.pdf,
DA1973619,leeg.pdf,
DA1705765,leeg.pdf,
DA1925581,leeg.pdf,
DA1948924,leeg.pdf,
DA1759911,leeg.pdf,
DA1914935,leeg.pdf,
DA1899608,leeg.pdf,
DA1809750,leeg.pdf,
DA1780156,leeg.pdf,
DA1800269,leeg.pdf,
DA1725889,leeg.pdf,
DA1756536,leeg.pdf,
DA1965370,leeg.pdf,
DA1792057,leeg.pdf,
DA1882817,leeg.pdf,
DA1770858,leeg.pdf,
DA1823528,leeg.pdf,
DA1876469,leeg.pdf,
DA1816270,leeg.pdf,
DA1908216,leeg.pdf,
DA1796481,leeg.pdf,
DA1809537,leeg.pdf,
DA1948543,leeg.pdf,
DA1775412,leeg.pdf,
DA1837896,leeg.pdf,
DA1881888,leeg.pdf,
DA1856226,leeg.pdf,
DA1833113,leeg.pdf,
DA1788202,leeg.pdf,
DA1857783,leeg.pdf,
DA1772215,leeg.pdf,
DA1961033,leeg.pdf,
DA1948016,leeg.pdf,
DA1878163,leeg.pdf,
DA1997563,leeg.pdf,
DA1864904,leeg.pdf,
DA1917378,leeg.pdf,
DA1758890,leeg.pdf,
DA1711434,leeg.pdf,
DA1774019,leeg.pdf,
DA1854236,leeg.pdf,
DA1983054,leeg.pdf,
DA1770845,leeg.pdf,
DA1852763,leeg.pdf,
DA1944255,leeg.pdf,
DA1790197,leeg.pdf,
DA1767325,leeg.pdf,
DA1706969,leeg.pdf,
DA1715741,leeg.pdf,
DA1713077,leeg.pdf,
DA1744649,leeg.pdf,
DA1744049,leeg.pdf,
DA1780253,leeg.pdf,
DA1764020,leeg.pdf,
DA1844764,leeg.pdf,
DA1807986,leeg.pdf,
DA1814218,leeg.pdf,
DA1818420,leeg.pdf,
DA1869952,leeg.pdf,
DA1973354,leeg.pdf,
DA1875566,leeg.pdf,
DA1768567,leeg.pdf,
DA1787861,leeg.pdf,
DA1741996,leeg.pdf,
DA1734699,leeg.pdf,
DA1777446,leeg.pdf,
DA1925044,leeg.pdf,
DA1809076,leeg.pdf,
DA1843043,leeg.pdf,
DA1861892,leeg.pdf,
DA1856983,leeg.pdf,
DA1861496,leeg.pdf,
DA1926550,leeg.pdf,
DA1792141,leeg.pdf,
DA1713121,leeg.pdf,
DA1758777,leeg.pdf,
DA1967299,leeg.pdf,
DA1842517,leeg.pdf,
DA1905747,leeg.pdf,
DA1798916,leeg.pdf,
DA1751215,leeg.pdf,
DA1971909,leeg.pdf,
DA1851178,leeg.pdf,
DA1912148,leeg.pdf,
DA1994254,leeg.pdf,
DA1948463,leeg.pdf,
DA1969836,leeg.pdf,
DA1737695,leeg.pdf,
DA1992025,leeg.pdf,
DA1933797,leeg.pdf,
DA1870115,leeg.pdf,
DA1736995,leeg.pdf,
DA1816615,leeg.pdf,
DA1720472,leeg.pdf,
DA1923483,leeg.pdf,
DA1814156,leeg.pdf,
DA1788213,leeg.pdf,
DA1939113,leeg.pdf,
DA1714018,leeg.pdf,
DA1721487,leeg.pdf,
DA1990404,leeg.pdf,
DA1865044,leeg.pdf,
DA1947217,leeg.pdf,
DA1795292,leeg.pdf,
DA1752198,leeg.pdf,
DA1936360,leeg.pdf,
DA1771337,leeg.pdf,
DA1835539,leeg.pdf,
DA1749556,leeg.pdf,
DA1889969,leeg.pdf,
DA1988431,leeg.pdf,
DA1724219,leeg.pdf,
DA1805745,leeg.pdf,
DA1992097,leeg.pdf,
DA1955992,leeg.pdf,
DA1805898,leeg.pdf,
DA1997401,leeg.pdf,
DA1916285,leeg.pdf,
DA1869635,leeg.pdf,
DA1884424,leeg.pdf,
DA1942755,leeg.pdf,
DA1755897,leeg.pdf,
DA1968922,leeg.pdf,
DA1798719,leeg.pdf,
DA1842583,leeg.pdf,
DA1732192,leeg.pdf,
DA1915290,leeg.pdf,
DA1898726,leeg.pdf,
DA1929154,leeg.pdf,
DA1783342,leeg.pdf,
DA1836677,leeg.pdf,
DA1929261,leeg.pdf,
DA1854413,leeg.pdf,
DA1892649,leeg.pdf,
DA1832354,leeg.pdf,
DA1906077,leeg.pdf,
DA1904869,leeg.pdf,
DA1872658,leeg.pdf,
DA1942804,leeg.pdf,
DA1784334,leeg.pdf,
DA1967460,leeg.pdf,
DA1982829,leeg.pdf,
DA1973934,leeg.pdf,
DA1893506,leeg.pdf,
DA1958208,leeg.pdf,
DA1949736,leeg.pdf,
DA1781600,leeg.pdf,
DA1779827,leeg.pdf,
DA1805826,leeg.pdf,
DA1738950,leeg.pdf,
DA1734177,leeg.pdf,
DA1946698,leeg.pdf,
DA1951899,leeg.pdf,
DA1730984,leeg.pdf,
DA1893229,leeg.pdf,
DA1741003,leeg.pdf,
DA1950739,leeg.pdf,
DA1737726,leeg.pdf,
DA1785109,leeg.pdf,
DA1762316,leeg.pdf,
DA1788600,leeg.pdf,
DA1806439,leeg.pdf,
DA1784639,leeg.pdf,
DA1753180,leeg.pdf,
DA1820339,leeg.pdf,
DA1892162,leeg.pdf,
DA1973867,leeg.pdf,
DA1758892,leeg.pdf,
DA1983321,leeg.pdf,
DA1928090,leeg.pdf,
DA1765877,leeg.pdf,
DA1759049,leeg.pdf,
DA1983214,leeg.pdf,
DA1849572,leeg.pdf,
DA1789941,leeg.pdf,
DA1722951,leeg.pdf,
DA1734756,leeg.pdf,
DA1881042,leeg.pdf,
DA1727550,leeg.pdf,
DA1829401,leeg.pdf,
DA1951066,leeg.pdf,
DA1788055,leeg.pdf,
DA1907053,leeg.pdf,
DA1773733,leeg.pdf,
DA1716004,leeg.pdf,
DA1749251,leeg.pdf,
DA1853512,leeg.pdf,
DA1764029,leeg.pdf,
DA1825971,leeg.pdf,
DA1946670,leeg.pdf,
DA1717786,leeg.pdf,
DA1902665,leeg.pdf,
DA1858407,leeg.pdf,
DA1880353,leeg.pdf,
DA1992984,leeg.pdf,
DA1792278,leeg.pdf,
DA1745088,leeg.pdf,
DA1705718,leeg.pdf,
DA1704587,leeg.pdf,
DA1856546,leeg.pdf,
DA1924684,leeg.pdf,
DA1762143,leeg.pdf,
DA1740491,leeg.pdf,
DA1850128,leeg.pdf,
DA1772339,leeg.pdf,
DA1711744,leeg.pdf,
DA1821489,leeg.pdf,
DA1878944,leeg.pdf,
DA1924477,leeg.pdf,
DA1900577,leeg.pdf,
DA1764422,leeg.pdf,
DA1993094,leeg.pdf,
DA1838024,leeg.pdf,
DA1852521,leeg.pdf,
DA1777303,leeg.pdf,
DA1855426,leeg.pdf,
DA1927437,leeg.pdf,
DA1854411,leeg.pdf,
DA1787135,leeg.pdf,
DA1820429,leeg.pdf,
DA1985567,leeg.pdf,
DA1903977,leeg.pdf,
DA1861980,leeg.pdf,
DA1836338,leeg.pdf,
DA1826283,leeg.pdf,
DA1721793,leeg.pdf,
DA1787750,leeg.pdf,
DA1755200,leeg.pdf,
DA1826225,leeg.pdf,
DA1843816,leeg.pdf,
DA1724506,leeg.pdf,
DA1747654,leeg.pdf,
DA1853475,leeg.pdf,
DA1764389,leeg.pdf,
DA1954902,leeg.pdf,
DA1916604,leeg.pdf,
DA1705305,leeg.pdf,
DA1766980,leeg.pdf,
DA1872433,leeg.pdf,
DA1818651,leeg.pdf,
DA1940367,leeg.pdf,
DA1830195,leeg.pdf,
DA1782841,leeg.pdf,
DA1924396,leeg.pdf,
DA1732363,leeg.pdf,
DA1778074,leeg.pdf,
DA1767151,leeg.pdf,
DA1897103,leeg.pdf,
DA1981998,leeg.pdf,
DA1740081,leeg.pdf,
DA1710494,leeg.pdf,
DA1995468,leeg.pdf,
DA1711138,leeg.pdf,
DA1883377,leeg.pdf,
DA1708341,leeg.pdf,
DA1931384,leeg.pdf,
DA1730455,leeg.pdf,
DA1743343,leeg.pdf,
DA1878361,leeg.pdf,
DA1833677,leeg.pdf,
DA1929866,leeg.pdf,
DA1831491,leeg.pdf,
DA1933836,leeg.pdf,
DA1810282,leeg.pdf,
DA1932045,leeg.pdf,
DA1757495,leeg.pdf,
DA1784088,leeg.pdf,
DA1708457,leeg.pdf,
DA1798861,leeg.pdf,
DA1707168,leeg.pdf,
DA1905312,leeg.pdf,
DA1776471,leeg.pdf,
DA1987712,leeg.pdf,
DA1822506,leeg.pdf,
DA1914210,leeg.pdf,
DA1833932,leeg.pdf,
DA1768111,leeg.pdf,
DA1842493,leeg.pdf,
DA1726890,leeg.pdf,
DA1816190,leeg.pdf,
DA1734833,leeg.pdf,
DA1842259,leeg.pdf,
DA1784189,leeg.pdf,
DA1915316,leeg.pdf,
DA1762185,leeg.pdf,
DA1941351,leeg.pdf,
DA1979612,leeg.pdf,
DA1804662,leeg.pdf,
DA1734214,leeg.pdf,
DA1956470,leeg.pdf,
DA1795180,leeg.pdf,
DA1987749,leeg.pdf,
DA1810857,leeg.pdf,
DA1918910,leeg.pdf,
DA1786747,leeg.pdf,
DA1715014,leeg.pdf,
DA1941161,leeg.pdf,
DA1962824,leeg.pdf,
DA1823899,leeg.pdf,
DA1892309,leeg.pdf,
DA1789004,leeg.pdf,
DA1909543,leeg.pdf,
DA1823726,leeg.pdf,
DA1978595,leeg.pdf,
DA1771544,leeg.pdf,
DA1940618,leeg.pdf,
DA1903767,leeg.pdf,
DA1786473,leeg.pdf,
DA1887048,leeg.pdf,
DA1847268,leeg.pdf,
DA1999300,leeg.pdf,
DA1776543,leeg.pdf,
DA1775302,leeg.pdf,
DA1743084,leeg.pdf,
DA1844877,leeg.pdf,
DA1878970,leeg.pdf,
DA1782767,leeg.pdf,
DA1817285,leeg.pdf,
DA1779952,leeg.pdf,
DA1940142,leeg.pdf,
DA1834244,leeg.pdf,
DA1815067,leeg.pdf,
DA1754764,leeg.pdf,
DA1861750,leeg.pdf,
DA1941115,leeg.pdf,
DA1723137,leeg.pdf,
DA1923504,leeg.pdf,
DA1921745,leeg.pdf,
DA1856812,leeg.pdf,
DA1754328,leeg.pdf,
DA1852095,leeg.pdf,
DA1727556,leeg.pdf,
DA1983681,leeg.pdf,
DA1868362,leeg.pdf,
DA1858076,leeg.pdf,
DA1988794,leeg.pdf,
DA1735792,leeg.pdf,
DA1803730,leeg.pdf,
DA1783731,leeg.pdf,
DA1718005,leeg.pdf,
DA1886729,leeg.pdf,
DA1869797,leeg.pdf,
DA1856892,leeg.pdf,
DA1878168,leeg.pdf,
DA1733301,leeg.pdf,
DA1833975,leeg.pdf,
DA1910068,leeg.pdf,
DA1811325,leeg.pdf,
DA1755408,leeg.pdf,
DA1862091,leeg.pdf,
DA1719011,leeg.pdf,
DA1782720,leeg.pdf,
DA1960162,leeg.pdf,
DA1756411,leeg.pdf,
DA1704047,leeg.pdf,
DA1797706,leeg.pdf,
DA1966490,leeg.pdf,
DA1833449,leeg.pdf,
DA1981405,leeg.pdf,
DA1822782,leeg.pdf,
DA1758088,leeg.pdf,
DA1882295,leeg.pdf,
DA1990173,leeg.pdf,
DA1750039,leeg.pdf,
DA1705883,leeg.pdf,
DA1976092,leeg.pdf,
DA1773253,leeg.pdf,
DA1760307,leeg.pdf,
DA1998944,leeg.pdf,
DA1924827,leeg.pdf,
DA1846334,leeg.pdf,
DA1860160,leeg.pdf,
DA1994093,leeg.pdf,
DA1964509,leeg.pdf,
DA1765362,leeg.pdf,
DA1890308,leeg.pdf,
DA1720872,leeg.pdf,
DA1773511,leeg.pdf,
DA1887254,leeg.pdf,
DA1980808,leeg.pdf,
DA1900600,leeg.pdf,
DA1871970,leeg.pdf,
DA1774018,leeg.pdf,
DA1763053,leeg.pdf,
DA1714139,leeg.pdf,
DA1853497,leeg.pdf,
DA1801748,leeg.pdf,
DA1960330,leeg.pdf,
DA1768717,leeg.pdf,
DA1947250,leeg.pdf,
DA1793860,leeg.pdf,
DA1773122,leeg.pdf,
DA1724107,leeg.pdf,
DA1797026,leeg.pdf,
DA1929473,leeg.pdf,
DA1918366,leeg.pdf,
DA1783075,leeg.pdf,
DA1792602,leeg.pdf,
DA1982463,leeg.pdf,
DA1780346,leeg.pdf,
DA1840507,leeg.pdf,
DA1979116,leeg.pdf,
DA1765236,leeg.pdf,
DA1909064,leeg.pdf,
DA1799317,leeg.pdf,
DA1937134,leeg.pdf,
DA1998508,leeg.pdf,
DA1766089,leeg.pdf,
DA1904640,leeg.pdf,
DA1790207,leeg.pdf,
DA1924690,leeg.pdf,
DA1805543,leeg.pdf,
DA1785443,leeg.pdf,
DA1851439,leeg.pdf,
DA1883753,leeg.pdf,
DA1870415,leeg.pdf,
DA1723107,leeg.pdf,
DA1765324,leeg.pdf,
DA1808634,leeg.pdf,
DA1727942,leeg.pdf,
DA1838092,leeg.pdf,
DA1812707,leeg.pdf,
DA1753534,leeg.pdf,
DA1814390,leeg.pdf,
DA1872886,leeg.pdf,
DA1906936,leeg.pdf,
DA1869315,leeg.pdf,
DA1759255,leeg.pdf,
DA1932523,leeg.pdf,
DA1944123,leeg.pdf,
DA1771799,leeg.pdf,
DA1767872,leeg.pdf,
DA1923311,leeg.pdf,
DA1951666,leeg.pdf,
DA1974513,leeg.pdf,
DA1960278,leeg.pdf,
DA1829054,leeg.pdf,
DA1864845,leeg.pdf,
DA1717716,leeg.pdf,
DA1872089,leeg.pdf,
DA1944539,leeg.pdf,
DA1739579,leeg.pdf,
DA1766594,leeg.pdf,
DA1890396,leeg.pdf,
DA1761152,leeg.pdf,
DA1774948,leeg.pdf,
DA1778986,leeg.pdf,
DA1773206,leeg.pdf,
DA1795791,leeg.pdf,
DA1940057,leeg.pdf,
DA1754948,leeg.pdf,
DA1926188,leeg.pdf,
DA1967083,leeg.pdf,
DA1827488,leeg.pdf,
DA1890413,leeg.pdf,
DA1993052,leeg.pdf,
DA1744596,leeg.pdf,
DA1826989,leeg.pdf,
DA1879255,leeg.pdf,
DA1810958,leeg.pdf,
DA1772358,leeg.pdf,
DA1813013,leeg.pdf,
DA1833222,leeg.pdf,
DA1816211,leeg.pdf,
DA1889805,leeg.pdf,
DA1825990,leeg.pdf,
DA1968908,leeg.pdf,
DA1928133,leeg.pdf,
DA1753268,leeg.pdf,
DA1883961,leeg.pdf,
DA1961297,leeg.pdf,
DA1955715,leeg.pdf,
DA1902839,leeg.pdf,
DA1953889,leeg.pdf,
DA1803437,leeg.pdf,
DA1907524,leeg.pdf,
DA1980012,leeg.pdf,
DA1757756,leeg.pdf,
DA1930005,leeg.pdf,
DA1805833,leeg.pdf,
DA1957079,leeg.pdf,
DA1827323,leeg.pdf,
DA1903157,leeg.pdf,
DA1710963,leeg.pdf,
DA1852416,leeg.pdf,
DA1745717,leeg.pdf,
DA1947076,leeg.pdf,
DA1828476,leeg.pdf,
DA1824069,leeg.pdf,
DA1933280,leeg.pdf,
DA1802521,leeg.pdf,
DA1797676,leeg.pdf,
DA1798063,leeg.pdf,
DA1932620,leeg.pdf,
DA1760672,leeg.pdf,
DA1875499,leeg.pdf,
DA1757325,leeg.pdf,
DA1709951,leeg.pdf,
DA1857123,leeg.pdf,
DA1714029,leeg.pdf,
DA1865244,leeg.pdf,
DA1921343,leeg.pdf,
DA1921622,leeg.pdf,
DA1812766,leeg.pdf,
DA1896728,leeg.pdf,
DA1860504,leeg.pdf,
DA1942531,leeg.pdf,
DA1980234,leeg.pdf,
DA1954766,leeg.pdf,
DA1815115,leeg.pdf,
DA1868953,leeg.pdf,
DA1868104,leeg.pdf,
DA1881104,leeg.pdf,
DA1829146,leeg.pdf,
DA1729932,leeg.pdf,
DA1868028,leeg.pdf,
DA1856633,leeg.pdf,
DA1990745,leeg.pdf,
DA1719282,leeg.pdf,
DA1788226,leeg.pdf,
DA1904229,leeg.pdf,
DA1720401,leeg.pdf,
DA1872473,leeg.pdf,
DA1816128,leeg.pdf,
DA1717950,leeg.pdf,
DA1867978,leeg.pdf,
DA1871315,leeg.pdf,
DA1797854,leeg.pdf,
DA1790461,leeg.pdf,
DA1954183,leeg.pdf,
DA1791016,leeg.pdf,
DA1914017,leeg.pdf,
DA1881836,leeg.pdf,
DA1953384,leeg.pdf,
DA1997928,leeg.pdf,
DA1945601,leeg.pdf,
DA1978931,leeg.pdf,
DA1987095,leeg.pdf,
DA1913960,leeg.pdf,
DA1924714,leeg.pdf,
DA1848091,leeg.pdf,
DA1705645,leeg.pdf,
DA1847657,leeg.pdf,
DA1712245,leeg.pdf,
DA1930856,leeg.pdf,
DA1982368,leeg.pdf,
DA1968190,leeg.pdf,
DA1871697,leeg.pdf,
DA1934799,leeg.pdf,
DA1807897,leeg.pdf,
DA1899561,leeg.pdf,
DA1973355,leeg.pdf,
DA1962789,leeg.pdf,
DA1935051,leeg.pdf,
DA1876638,leeg.pdf,
DA1934099,leeg.pdf,
DA1777352,leeg.pdf,
DA1934739,leeg.pdf,
DA1705462,leeg.pdf,
DA1817401,leeg.pdf,
DA1831676,leeg.pdf,
DA1845474,leeg.pdf,
DA1932587,leeg.pdf,
DA1852578,leeg.pdf,
DA1725384,leeg.pdf,
DA1922139,leeg.pdf,
DA1816262,leeg.pdf,
DA1815531,leeg.pdf,
DA1750720,leeg.pdf,
DA1977232,leeg.pdf,
DA1816574,leeg.pdf,
DA1879604,leeg.pdf,
DA1792129,leeg.pdf,
DA1776788,leeg.pdf,
DA1953834,leeg.pdf,
DA1743503,leeg.pdf,
DA1916632,leeg.pdf,
DA1851639,leeg.pdf,
DA1817152,leeg.pdf,
DA1785724,leeg.pdf,
DA1867738,leeg.pdf,
DA1857943,leeg.pdf,
DA1841711,leeg.pdf,
DA1723571,leeg.pdf,
DA1993044,leeg.pdf,
DA1755527,leeg.pdf,
DA1947527,leeg.pdf,
DA1815705,leeg.pdf,
DA1910462,leeg.pdf,
DA1964053,leeg.pdf,
DA1910463,leeg.pdf,
DA1946775,leeg.pdf,
DA1712023,leeg.pdf,
DA1734287,leeg.pdf,
DA1825486,leeg.pdf,
DA1857800,leeg.pdf,
DA1985764,leeg.pdf,
DA1955806,leeg.pdf,
DA1803340,leeg.pdf,
DA1802038,leeg.pdf,
DA1937395,leeg.pdf,
DA1735353,leeg.pdf,
DA1883664,leeg.pdf,
DA1937687,leeg.pdf,
DA1739099,leeg.pdf,
DA1893783,leeg.pdf,
DA1880177,leeg.pdf,
DA1824667,leeg.pdf,
DA1790963,leeg.pdf,
DA1779596,leeg.pdf,
DA1888681,leeg.pdf,
DA1808558,leeg.pdf,
DA1794757,leeg.pdf,
DA1821769,leeg.pdf,
DA1979183,leeg.pdf,
DA1761417,leeg.pdf,
DA1897112,leeg.pdf,
DA1902608,leeg.pdf,
DA1763823,leeg.pdf,
DA1872015,leeg.pdf,
DA1858699,leeg.pdf,
DA1972512,leeg.pdf,
DA1792343,leeg.pdf,
DA1983159,leeg.pdf,
DA1782203,leeg.pdf,
DA1788555,leeg.pdf,
DA1851132,leeg.pdf,
DA1931453,leeg.pdf,
DA1914000,leeg.pdf,
DA1715222,leeg.pdf,
DA1789930,leeg.pdf,
DA1824327,leeg.pdf,
DA1709445,leeg.pdf,
DA1719654,leeg.pdf,
DA1737522,leeg.pdf,
DA1965156,leeg.pdf,
DA1841886,leeg.pdf,
DA1776839,leeg.pdf,
DA1790637,leeg.pdf,
DA1799369,leeg.pdf,
DA1803974,leeg.pdf,
DA1745313,leeg.pdf,
DA1845117,leeg.pdf,
DA1797692,leeg.pdf,
DA1947073,leeg.pdf,
DA1868714,leeg.pdf,
DA1785133,leeg.pdf,
DA1947699,leeg.pdf,
DA1938245,leeg.pdf,
DA1939369,leeg.pdf,
DA1859559,leeg.pdf,
DA1879897,leeg.pdf,
DA1768482,leeg.pdf,
DA1764473,leeg.pdf,
DA1781587,leeg.pdf,
DA1770306,leeg.pdf,
DA1864229,leeg.pdf,
DA1768033,leeg.pdf,
DA1769162,leeg.pdf,
DA1923692,leeg.pdf,
DA1787834,leeg.pdf,
DA1747637,leeg.pdf,
DA1963053,leeg.pdf,
DA1818804,leeg.pdf,
DA1789472,leeg.pdf,
DA1871209,leeg.pdf,
DA1834628,leeg.pdf,
DA1762437,leeg.pdf,
DA1962117,leeg.pdf,
DA1834172,leeg.pdf,
DA1895712,leeg.pdf,
DA1850454,leeg.pdf,
DA1898481,leeg.pdf,
DA1772225,leeg.pdf,
DA1750954,leeg.pdf,
DA1737234,leeg.pdf,
DA1705719,leeg.pdf,
DA1920389,leeg.pdf,
DA1753236,leeg.pdf,
DA1963137,leeg.pdf,
DA1729286,leeg.pdf,
DA1932064,leeg.pdf,
DA1854954,leeg.pdf,
DA1819321,leeg.pdf,
DA1710561,leeg.pdf,
DA1843418,leeg.pdf,
DA1749846,leeg.pdf,
DA1776055,leeg.pdf,
DA1896211,leeg.pdf,
DA1816318,leeg.pdf,
DA1862391,leeg.pdf,
DA1898398,leeg.pdf,
DA1710936,leeg.pdf,
DA1947414,leeg.pdf,
DA1843802,leeg.pdf,
DA1847523,leeg.pdf,
DA1807784,leeg.pdf,
DA1836217,leeg.pdf,
DA1801425,leeg.pdf,
DA1754288,leeg.pdf,
DA1734643,leeg.pdf,
DA1916411,leeg.pdf,
DA1903406,leeg.pdf,
DA1894540,leeg.pdf,
DA1805662,leeg.pdf,
DA1760933,leeg.pdf,
DA1785026,leeg.pdf,
DA1731487,leeg.pdf,
DA1968023,leeg.pdf,
DA1813287,leeg.pdf,
DA1929750,leeg.pdf,
DA1870924,leeg.pdf,
DA1727913,leeg.pdf,
DA1752310,leeg.pdf,
DA1756836,leeg.pdf,
DA1953311,leeg.pdf,
DA1803512,leeg.pdf,
DA1958618,leeg.pdf,
DA1936570,leeg.pdf,
DA1972871,leeg.pdf,
DA1764490,leeg.pdf,
DA1741466,leeg.pdf,
DA1741045,leeg.pdf,
DA1746800,leeg.pdf,
DA1906774,leeg.pdf,
DA1831089,leeg.pdf,
DA1720136,leeg.pdf,
DA1994394,leeg.pdf,
DA1866547,leeg.pdf,
DA1890882,leeg.pdf,
DA1741365,leeg.pdf,
DA1917992,leeg.pdf,
DA1878956,leeg.pdf,
DA1825452,leeg.pdf,
DA1929078,leeg.pdf,
DA1929221,leeg.pdf,
DA1804175,leeg.pdf,
DA1926826,leeg.pdf,
DA1805571,leeg.pdf,
DA1862277,leeg.pdf,
DA1921913,leeg.pdf,
DA1769434,leeg.pdf,
DA1826658,leeg.pdf,
DA1894728,leeg.pdf,
DA1823759,leeg.pdf,
DA1794332,leeg.pdf,
DA1830727,leeg.pdf,
DA1884240,leeg.pdf,
DA1736082,leeg.pdf,
DA1789981,leeg.pdf,
DA1753679,leeg.pdf,
DA1750836,leeg.pdf,
DA1899362,leeg.pdf,
DA1745888,leeg.pdf,
DA1848663,leeg.pdf,
DA1885596,leeg.pdf,
DA1824105,leeg.pdf,
DA1728604,leeg.pdf,
DA1732172,leeg.pdf,
DA1970034,leeg.pdf,
DA1785372,leeg.pdf,
DA1719629,leeg.pdf,
DA1941490,leeg.pdf,
DA1999262,leeg.pdf,
DA1729343,leeg.pdf,
DA1782983,leeg.pdf,
DA1868613,leeg.pdf,
DA1789219,leeg.pdf,
DA1987016,leeg.pdf,
DA1927119,leeg.pdf,
DA1912877,leeg.pdf,
DA1861470,leeg.pdf,
DA1832471,leeg.pdf,
DA1788822,leeg.pdf,
DA1722589,leeg.pdf,
DA1852734,leeg.pdf,
DA1780841,leeg.pdf,
DA1998003,leeg.pdf,
DA1967851,leeg.pdf,
DA1897750,leeg.pdf,
DA1711489,leeg.pdf,
DA1933397,leeg.pdf,
DA1980658,leeg.pdf,
DA1774455,leeg.pdf,
DA1820350,leeg.pdf,
DA1851915,leeg.pdf,
DA1850321,leeg.pdf,
DA1785463,leeg.pdf,
DA1850205,leeg.pdf,
DA1887185,leeg.pdf,
DA1741537,leeg.pdf,
DA1771793,leeg.pdf,
DA1892889,leeg.pdf,
DA1866495,leeg.pdf,
DA1965789,leeg.pdf,
DA1813383,leeg.pdf,
DA1837372,leeg.pdf,
DA1833376,leeg.pdf,
DA1892839,leeg.pdf,
DA1802109,leeg.pdf,
DA1748945,leeg.pdf,
DA1722972,leeg.pdf,
DA1751036,leeg.pdf,
DA1795627,leeg.pdf,
DA1868620,leeg.pdf,
DA1711210,leeg.pdf,
DA1851940,leeg.pdf,
DA1713013,leeg.pdf,
DA1868077,leeg.pdf,
DA1965662,leeg.pdf,
DA1778394,leeg.pdf,
DA1829202,leeg.pdf,
DA1765082,leeg.pdf,
DA1780748,leeg.pdf,
DA1880418,leeg.pdf,
DA1762272,leeg.pdf,
DA1937874,leeg.pdf,
DA1853741,leeg.pdf,
DA1830429,leeg.pdf,
DA1775837,leeg.pdf,
DA1803260,leeg.pdf,
DA1718620,leeg.pdf,
DA1921901,leeg.pdf,
DA1956270,leeg.pdf,
DA1972302,leeg.pdf,
DA1957429,leeg.pdf,
DA1745770,leeg.pdf,
DA1828126,leeg.pdf,
DA1835026,leeg.pdf,
DA1853397,leeg.pdf,
DA1924938,leeg.pdf,
DA1910900,leeg.pdf,
DA1838689,leeg.pdf,
DA1732955,leeg.pdf,
DA1985887,leeg.pdf,
DA1744505,leeg.pdf,
DA1745253,leeg.pdf,
DA1851417,leeg.pdf,
DA1741145,leeg.pdf,
DA1948212,leeg.pdf,
DA1945209,leeg.pdf,
DA1743348,leeg.pdf,
DA1805588,leeg.pdf,
DA1771475,leeg.pdf,
DA1824795,leeg.pdf,
DA1916708,leeg.pdf,
DA1919193,leeg.pdf,
DA1990853,leeg.pdf,
DA1735254,leeg.pdf,
DA1722621,leeg.pdf,
DA1976609,leeg.pdf,
DA1908830,leeg.pdf,
DA1981779,leeg.pdf,
DA1736761,leeg.pdf,
DA1770955,leeg.pdf,
DA1811794,leeg.pdf,
DA1909709,leeg.pdf,
DA1835635,leeg.pdf,
DA1806367,leeg.pdf,
DA1917098,leeg.pdf,
DA1744786,leeg.pdf,
DA1762412,leeg.pdf,
DA1953985,leeg.pdf,
DA1947898,leeg.pdf,
DA1777288,leeg.pdf,
DA1724785,leeg.pdf,
DA1765184,leeg.pdf,
DA1816815,leeg.pdf,
DA1746471,leeg.pdf,
DA1785645,leeg.pdf,
DA1997492,leeg.pdf,
DA1772688,leeg.pdf,
DA1921505,leeg.pdf,
DA1893742,leeg.pdf,
DA1732233,leeg.pdf,
DA1856530,leeg.pdf,
DA1936104,leeg.pdf,
DA1969634,leeg.pdf,
DA1956686,leeg.pdf,
DA1742237,leeg.pdf,
DA1821756,leeg.pdf,
DA1991397,leeg.pdf,
DA1796290,leeg.pdf,
DA1794258,leeg.pdf,
DA1785358,leeg.pdf,
DA1766969,leeg.pdf,
DA1946974,leeg.pdf,
DA1730883,leeg.pdf,
DA1739785,leeg.pdf,
DA1908223,leeg.pdf,
DA1907933,leeg.pdf,
DA1835649,leeg.pdf,
DA1865542,leeg.pdf,
DA1859983,leeg.pdf,
DA1844295,leeg.pdf,
DA1895197,leeg.pdf,
DA1739741,leeg.pdf,
DA1996145,leeg.pdf,
DA1785279,leeg.pdf,
DA1915450,leeg.pdf,
DA1980417,leeg.pdf,
DA1915859,leeg.pdf,
DA1860436,leeg.pdf,
DA1763519,leeg.pdf,
DA1798772,leeg.pdf,
DA1736515,leeg.pdf,
DA1936319,leeg.pdf,
DA1887859,leeg.pdf,
DA1941239,leeg.pdf,
DA1839396,leeg.pdf,
DA1989793,leeg.pdf,
DA1756116,leeg.pdf,
DA1758841,leeg.pdf,
DA1729244,leeg.pdf,
DA1959928,leeg.pdf,
DA1985605,leeg.pdf,
DA1988399,leeg.pdf,
DA1901935,leeg.pdf,
DA1885551,leeg.pdf,
DA1853446,leeg.pdf,
DA1788433,leeg.pdf,
DA1829508,leeg.pdf,
DA1922946,leeg.pdf,
DA1820936,leeg.pdf,
DA1841625,leeg.pdf,
DA1821206,leeg.pdf,
DA1785241,leeg.pdf,
DA1906546,leeg.pdf,
DA1714391,leeg.pdf,
DA1722610,leeg.pdf,
DA1708631,leeg.pdf,
DA1929033,leeg.pdf,
DA1831005,leeg.pdf,
DA1829499,leeg.pdf,
DA1704912,leeg.pdf,
DA1885103,leeg.pdf,
DA1864039,leeg.pdf,
DA1721984,leeg.pdf,
DA1916372,leeg.pdf,
DA1958060,leeg.pdf,
DA1747744,leeg.pdf,
DA1717794,leeg.pdf,
DA1735849,leeg.pdf,
DA1909892,leeg.pdf,
DA1899623,leeg.pdf,
DA1772613,leeg.pdf,
DA1797904,leeg.pdf,
DA1770226,leeg.pdf,
DA1809843,leeg.pdf,
DA1904542,leeg.pdf,
DA1753384,leeg.pdf,
DA1743425,leeg.pdf,
DA1979423,leeg.pdf,
DA1773173,leeg.pdf,
DA1841567,leeg.pdf,
DA1882568,leeg.pdf,
DA1821408,leeg.pdf,
DA1801991,leeg.pdf,
DA1848992,leeg.pdf,
DA1777932,leeg.pdf,
DA1844656,leeg.pdf,
DA1823037,leeg.pdf,
DA1896072,leeg.pdf,
DA1854994,leeg.pdf,
DA1706993,leeg.pdf,
DA1748152,leeg.pdf,
DA1985929,leeg.pdf,
DA1888830,leeg.pdf,
DA1812611,leeg.pdf,
DA1864326,leeg.pdf,
DA1857556,leeg.pdf,
DA1770366,leeg.pdf,
DA1803418,leeg.pdf,
DA1938123,leeg.pdf,
DA1881569,leeg.pdf,
DA1781119,leeg.pdf,
DA1911706,leeg.pdf,
DA1855904,leeg.pdf,
DA1952852,leeg.pdf,
DA1877564,leeg.pdf,
DA1822056,leeg.pdf,
DA1855738,leeg.pdf,
DA1905989,leeg.pdf,
DA1823382,leeg.pdf,
DA1764640,leeg.pdf,
DA1717679,leeg.pdf,
DA1829282,leeg.pdf,
DA1817216,leeg.pdf,
DA1984097,leeg.pdf,
DA1764481,leeg.pdf,
DA1923511,leeg.pdf,
DA1724764,leeg.pdf,
DA1796769,leeg.pdf,
DA1723667,leeg.pdf,
DA1891521,leeg.pdf,
DA1999483,leeg.pdf,
DA1743568,leeg.pdf,
DA1745120,leeg.pdf,
DA1952926,leeg.pdf,
DA1970735,leeg.pdf,
DA1909546,leeg.pdf,
DA1845292,leeg.pdf,
DA1823511,leeg.pdf,
DA1849399,leeg.pdf,
DA1905721,leeg.pdf,
DA1719731,leeg.pdf,
DA1917690,leeg.pdf,
DA1729684,leeg.pdf,
DA1721875,leeg.pdf,
DA1854534,leeg.pdf,
DA1838961,leeg.pdf,
DA1822635,leeg.pdf,
DA1879278,leeg.pdf,
DA1813819,leeg.pdf,
DA1893763,leeg.pdf,
DA1957838,leeg.pdf,
DA1901313,leeg.pdf,
DA1958468,leeg.pdf,
DA1999420,leeg.pdf,
DA1771760,leeg.pdf,
DA1819785,leeg.pdf,
DA1851570,leeg.pdf,
DA1718785,leeg.pdf,
DA1832786,leeg.pdf,
DA1938209,leeg.pdf,
DA1991937,leeg.pdf,
DA1992671,leeg.pdf,
DA1797641,leeg.pdf,
DA1986560,leeg.pdf,
DA1827043,leeg.pdf,
DA1950193,leeg.pdf,
DA1810781,leeg.pdf,
DA1860326,leeg.pdf,
DA1985427,leeg.pdf,
DA1773785,leeg.pdf,
DA1851378,leeg.pdf,
DA1747380,leeg.pdf,
DA1824604,leeg.pdf,
DA1795860,leeg.pdf,
DA1948843,leeg.pdf,
DA1873556,leeg.pdf,
DA1724317,leeg.pdf,
DA1835785,leeg.pdf,
DA1850478,leeg.pdf,
DA1966118,leeg.pdf,
DA1813122,leeg.pdf,
DA1863433,leeg.pdf,
DA1972277,leeg.pdf,
DA1866856,leeg.pdf,
DA1956811,leeg.pdf,
DA1802326,leeg.pdf,
DA1794275,leeg.pdf,
DA1988258,leeg.pdf,
DA1900760,leeg.pdf,
DA1813399,leeg.pdf,
DA1978023,leeg.pdf,
DA1722965,leeg.pdf,
DA1840415,leeg.pdf,
DA1823577,leeg.pdf,
DA1797640,leeg.pdf,
DA1895183,leeg.pdf,
DA1969849,leeg.pdf,
DA1813240,leeg.pdf,
DA1848873,leeg.pdf,
DA1807363,leeg.pdf,
DA1970898,leeg.pdf,
DA1767133,leeg.pdf,
DA1767735,leeg.pdf,
DA1720399,leeg.pdf,
DA1970963,leeg.pdf,
DA1983598,leeg.pdf,
DA1774738,leeg.pdf,
DA1862197,leeg.pdf,
DA1838401,leeg.pdf,
DA1897181,leeg.pdf,
DA1925836,leeg.pdf,
DA1879770,leeg.pdf,
DA1804188,leeg.pdf,
DA1868759,leeg.pdf,
DA1843187,leeg.pdf,
DA1830910,leeg.pdf,
DA1888882,leeg.pdf,
DA1876431,leeg.pdf,
DA1740356,leeg.pdf,
DA1834099,leeg.pdf,
DA1741904,leeg.pdf,
DA1810944,leeg.pdf,
DA1838906,leeg.pdf,
DA1985205,leeg.pdf,
DA1889284,leeg.pdf,
DA1877755,leeg.pdf,
DA1965612,leeg.pdf,
DA1998428,leeg.pdf,
DA1823538,leeg.pdf,
DA1950071,leeg.pdf,
DA1940913,leeg.pdf,
DA1749406,leeg.pdf,
DA1994279,leeg.pdf,
DA1806337,leeg.pdf,
DA1779366,leeg.pdf,
DA1849288,leeg.pdf,
DA1767809,leeg.pdf,
DA1933207,leeg.pdf,
DA1900284,leeg.pdf,
DA1947594,leeg.pdf,
DA1931000,leeg.pdf,
DA1939413,leeg.pdf,
DA1983062,leeg.pdf,
DA1730685,leeg.pdf,
DA1954987,leeg.pdf,
DA1959261,leeg.pdf,
DA1725829,leeg.pdf,
DA1963380,leeg.pdf,
DA1746310,leeg.pdf,
DA1719083,leeg.pdf,
DA1775371,leeg.pdf,
DA1853792,leeg.pdf,
DA1726109,leeg.pdf,
DA1976220,leeg.pdf,
DA1918505,leeg.pdf,
DA1795740,leeg.pdf,
DA1734402,leeg.pdf,
DA1873861,leeg.pdf,
DA1838903,leeg.pdf,
DA1973507,leeg.pdf,
DA1872646,leeg.pdf,
DA1845713,leeg.pdf,
DA1738814,leeg.pdf,
DA1775077,leeg.pdf,
DA1828387,leeg.pdf,
DA1809672,leeg.pdf,
DA1840732,leeg.pdf,
DA1784427,leeg.pdf,
DA1851201,leeg.pdf,
DA1752620,leeg.pdf,
DA1819520,leeg.pdf,
DA1841695,leeg.pdf,
DA1918456,leeg.pdf,
DA1773774,leeg.pdf,
DA1928289,leeg.pdf,
DA1890178,leeg.pdf,
DA1872374,leeg.pdf,
DA1930578,leeg.pdf,
DA1905268,leeg.pdf,
DA1740357,leeg.pdf,
DA1889304,leeg.pdf,
DA1934289,leeg.pdf,
DA1817813,leeg.pdf,
DA1807517,leeg.pdf,
DA1808473,leeg.pdf,
DA1925475,leeg.pdf,
DA1750634,leeg.pdf,
DA1819486,leeg.pdf,
DA1820982,leeg.pdf,
DA1964574,leeg.pdf,
DA1864015,leeg.pdf,
DA1740859,leeg.pdf,
DA1884186,leeg.pdf,
DA1921341,leeg.pdf,
DA1997077,leeg.pdf,
DA1969775,leeg.pdf,
DA1825442,leeg.pdf,
DA1901749,leeg.pdf,
DA1796496,leeg.pdf,
DA1829754,leeg.pdf,
DA1831745,leeg.pdf,
DA1743566,leeg.pdf,
DA1957118,leeg.pdf,
DA1980841,leeg.pdf,
DA1813502,leeg.pdf,
DA1717347,leeg.pdf,
DA1854079,leeg.pdf,
DA1990082,leeg.pdf,
DA1721245,leeg.pdf,
DA1791636,leeg.pdf,
DA1895800,leeg.pdf,
DA1707767,leeg.pdf,
DA1751802,leeg.pdf,
DA1733585,leeg.pdf,
DA1824687,leeg.pdf,
DA1833992,leeg.pdf,
DA1937222,leeg.pdf,
DA1921022,leeg.pdf,
DA1975509,leeg.pdf,
DA1757600,leeg.pdf,
DA1793744,leeg.pdf,
DA1861430,leeg.pdf,
DA1953769,leeg.pdf,
DA1888703,leeg.pdf,
DA1761543,leeg.pdf,
DA1862596,leeg.pdf,
DA1987946,leeg.pdf,
DA1914089,leeg.pdf,
DA1712070,leeg.pdf,
DA1719404,leeg.pdf,
DA1729621,leeg.pdf,
DA1879495,leeg.pdf,
DA1986660,leeg.pdf,
DA1834810,leeg.pdf,
DA1777113,leeg.pdf,
DA1821695,leeg.pdf,
DA1844495,leeg.pdf,
DA1973914,leeg.pdf,
DA1942045,leeg.pdf,
DA1803997,leeg.pdf,
DA1818950,leeg.pdf,
DA1895586,leeg.pdf,
DA1818426,leeg.pdf,
DA1838026,leeg.pdf,
DA1797701,leeg.pdf,
DA1717928,leeg.pdf,
DA1969244,leeg.pdf,
DA1804541,leeg.pdf,
DA1857891,leeg.pdf,
DA1804461,leeg.pdf,
DA1846484,leeg.pdf,
DA1823815,leeg.pdf,
DA1885253,leeg.pdf,
DA1755513,leeg.pdf,
DA1963768,leeg.pdf,
DA1788133,leeg.pdf,
DA1900847,leeg.pdf,
DA1864873,leeg.pdf,
DA1907977,leeg.pdf,
DA1965552,leeg.pdf,
DA1859575,leeg.pdf,
DA1751389,leeg.pdf,
DA1778343,leeg.pdf,
DA1944330,leeg.pdf,
DA1856449,leeg.pdf,
DA1786317,leeg.pdf,
DA1846157,leeg.pdf,
DA1804607,leeg.pdf,
DA1888818,leeg.pdf,
DA1757510,leeg.pdf,
DA1997817,leeg.pdf,
DA1717140,leeg.pdf,
DA1941840,leeg.pdf,
DA1838766,leeg.pdf,
DA1813667,leeg.pdf,
DA1740441,leeg.pdf,
DA1787894,leeg.pdf,
DA1801187,leeg.pdf,
DA1719658,leeg.pdf,
DA1902458,leeg.pdf,
DA1828739,leeg.pdf,
DA1893458,leeg.pdf,
DA1961663,leeg.pdf,
DA1990369,leeg.pdf,
DA1909473,leeg.pdf,
DA1877384,leeg.pdf,
DA1806412,leeg.pdf,
DA1721647,leeg.pdf,
DA1924997,leeg.pdf,
DA1889931,leeg.pdf,
DA1820308,leeg.pdf,
DA1791003,leeg.pdf,
DA1973272,leeg.pdf,
DA1822436,leeg.pdf,
DA1861617,leeg.pdf,
DA1724636,leeg.pdf,
DA1975074,leeg.pdf,
DA1936630,leeg.pdf,
DA1987151,leeg.pdf,
DA1954842,leeg.pdf,
DA1903346,leeg.pdf,
DA1833173,leeg.pdf,
DA1949983,leeg.pdf,
DA1994043,leeg.pdf,
DA1796235,leeg.pdf,
DA1718073,leeg.pdf,
DA1822666,leeg.pdf,
DA1717764,leeg.pdf,
DA1891707,leeg.pdf,
DA1756828,leeg.pdf,
DA1992198,leeg.pdf,
DA1739494,leeg.pdf,
DA1912713,leeg.pdf,
DA1795638,leeg.pdf,
DA1725990,leeg.pdf,
DA1902328,leeg.pdf,
DA1830070,leeg.pdf,
DA1761273,leeg.pdf,
DA1764415,leeg.pdf,
DA1857241,leeg.pdf,
DA1741709,leeg.pdf,
DA1783643,leeg.pdf,
DA1768613,leeg.pdf,
DA1767490,leeg.pdf,
DA1810855,leeg.pdf,
DA1981950,leeg.pdf,
DA1821923,leeg.pdf,
DA1897332,leeg.pdf,
DA1881518,leeg.pdf,
DA1875848,leeg.pdf,
DA1875297,leeg.pdf,
DA1794583,leeg.pdf,
DA1908024,leeg.pdf,
DA1787854,leeg.pdf,
DA1805626,leeg.pdf,
DA1761692,leeg.pdf,
DA1872394,leeg.pdf,
DA1791952,leeg.pdf,
DA1942272,leeg.pdf,
DA1841853,leeg.pdf,
DA1773761,leeg.pdf,
DA1778493,leeg.pdf,
DA1903226,leeg.pdf,
DA1844059,leeg.pdf,
DA1794467,leeg.pdf,
DA1834873,leeg.pdf,
DA1936039,leeg.pdf,
DA1995239,leeg.pdf,
DA1944577,leeg.pdf,
DA1713468,leeg.pdf,
DA1959610,leeg.pdf,
DA1990925,leeg.pdf,
DA1788888,leeg.pdf,
DA1892448,leeg.pdf,
DA1878202,leeg.pdf,
DA1840212,leeg.pdf,
DA1728796,leeg.pdf,
DA1762113,leeg.pdf,
DA1728854,leeg.pdf,
DA1842428,leeg.pdf,
DA1856541,leeg.pdf,
DA1872436,leeg.pdf,
DA1952064,leeg.pdf,
DA1993427,leeg.pdf,
DA1939368,leeg.pdf,
DA1942611,leeg.pdf,
DA1767123,leeg.pdf,
DA1803046,leeg.pdf,
DA1997648,leeg.pdf,
DA1788802,leeg.pdf,
DA1948427,leeg.pdf,
DA1980107,leeg.pdf,
DA1831615,leeg.pdf,
DA1908717,leeg.pdf,
DA1940908,leeg.pdf,
DA1837434,leeg.pdf,
DA1756415,leeg.pdf,
DA1823124,leeg.pdf,
DA1991547,leeg.pdf,
DA1754479,leeg.pdf,
DA1719875,leeg.pdf,
DA1728782,leeg.pdf,
DA1958653,leeg.pdf,
DA1980170,leeg.pdf,
DA1725888,leeg.pdf,
DA1914103,leeg.pdf,
DA1861464,leeg.pdf,
DA1812567,leeg.pdf,
DA1811902,leeg.pdf,
DA1780830,leeg.pdf,
DA1945437,leeg.pdf,
DA1795583,leeg.pdf,
DA1998738,leeg.pdf,
DA1904428,leeg.pdf,
DA1791245,leeg.pdf,
DA1837437,leeg.pdf,
DA1762951,leeg.pdf,
DA1838931,leeg.pdf,
DA1997135,leeg.pdf,
DA1785710,leeg.pdf,
DA1846059,leeg.pdf,
DA1824277,leeg.pdf,
DA1890120,leeg.pdf,
DA1800081,leeg.pdf,
DA1819559,leeg.pdf,
DA1807932,leeg.pdf,
DA1876341,leeg.pdf,
DA1781874,leeg.pdf,
DA1920312,leeg.pdf,
DA1854664,leeg.pdf,
DA1841379,leeg.pdf,
DA1773236,leeg.pdf,
DA1732296,leeg.pdf,
DA1718148,leeg.pdf,
DA1958326,leeg.pdf,
DA1859407,leeg.pdf,
DA1858539,leeg.pdf,
DA1774727,leeg.pdf,
DA1881477,leeg.pdf,
DA1835338,leeg.pdf,
DA1793870,leeg.pdf,
DA1853395,leeg.pdf,
DA1789421,leeg.pdf,
DA1799995,leeg.pdf,
DA1896915,leeg.pdf,
DA1706136,leeg.pdf,
DA1845926,leeg.pdf,
DA1743126,leeg.pdf,
DA1764245,leeg.pdf,
DA1805576,leeg.pdf,
DA1869376,leeg.pdf,
DA1730277,leeg.pdf,
DA1737609,leeg.pdf,
DA1812419,leeg.pdf,
DA1781891,leeg.pdf,
DA1966521,leeg.pdf,
DA1797765,leeg.pdf,
DA1836803,leeg.pdf,
DA1804630,leeg.pdf,
DA1867091,leeg.pdf,
DA1865190,leeg.pdf,
DA1958120,leeg.pdf,
DA1736801,leeg.pdf,
DA1830056,leeg.pdf,
DA1854497,leeg.pdf,
DA1833562,leeg.pdf,
DA1882674,leeg.pdf,
DA1870126,leeg.pdf,
DA1894064,leeg.pdf,
DA1765749,leeg.pdf,
DA1868994,leeg.pdf,
DA1880293,leeg.pdf,
DA1816861,leeg.pdf,
DA1911845,leeg.pdf,
DA1841644,leeg.pdf,
DA1988662,leeg.pdf,
DA1755323,leeg.pdf,
DA1886127,leeg.pdf,
DA1793051,leeg.pdf,
DA1966130,leeg.pdf,
DA1735116,leeg.pdf,
DA1963765,leeg.pdf,
DA1766974,leeg.pdf,
DA1898765,leeg.pdf,
DA1728634,leeg.pdf,
DA1785901,leeg.pdf,
DA1913170,leeg.pdf,
DA1711264,leeg.pdf,
DA1860955,leeg.pdf,
DA1845909,leeg.pdf,
DA1994981,leeg.pdf,
DA1838488,leeg.pdf,
DA1919989,leeg.pdf,
DA1931775,leeg.pdf,
DA1895474,leeg.pdf,
DA1924819,leeg.pdf,
DA1741395,leeg.pdf,
DA1829052,leeg.pdf,
DA1767741,leeg.pdf,
DA1959767,leeg.pdf,
DA1726022,leeg.pdf,
DA1740309,leeg.pdf,
DA1751721,leeg.pdf,
DA1706058,leeg.pdf,
DA1804363,leeg.pdf,
DA1725447,leeg.pdf,
DA1715558,leeg.pdf,
DA1797120,leeg.pdf,
DA1870427,leeg.pdf,
DA1869758,leeg.pdf,
DA1902237,leeg.pdf,
DA1734490,leeg.pdf,
DA1819990,leeg.pdf,
DA1985047,leeg.pdf,
DA1899922,leeg.pdf,
DA1755691,leeg.pdf,
DA1737917,leeg.pdf,
DA1772737,leeg.pdf,
DA1825340,leeg.pdf,
DA1980960,leeg.pdf,
DA1911775,leeg.pdf,
DA1747202,leeg.pdf,
DA1751996,leeg.pdf,
DA1833699,leeg.pdf,
DA1767060,leeg.pdf,
DA1903858,leeg.pdf,
DA1846806,leeg.pdf,
DA1830153,leeg.pdf,
DA1964131,leeg.pdf,
DA1752507,leeg.pdf,
DA1756638,leeg.pdf,
DA1785218,leeg.pdf,
DA1737335,leeg.pdf,
DA1934138,leeg.pdf,
DA1995848,leeg.pdf,
DA1745103,leeg.pdf,
DA1753497,leeg.pdf,
DA1979310,leeg.pdf,
DA1813318,leeg.pdf,
DA1984633,leeg.pdf,
DA1966077,leeg.pdf,
DA1730001,leeg.pdf,
DA1867653,leeg.pdf,
DA1954669,leeg.pdf,
DA1953476,leeg.pdf,
DA1942171,leeg.pdf,
DA1710570,leeg.pdf,
DA1862272,leeg.pdf,
DA1932548,leeg.pdf,
DA1882169,leeg.pdf,
DA1867643,leeg.pdf,
DA1738601,leeg.pdf,
DA1853338,leeg.pdf,
DA1798506,leeg.pdf,
DA1729224,leeg.pdf,
DA1887479,leeg.pdf,
DA1755939,leeg.pdf,
DA1974786,leeg.pdf,
DA1909169,leeg.pdf,
DA1820929,leeg.pdf,
DA1974109,leeg.pdf,
DA1772031,leeg.pdf,
DA1941778,leeg.pdf,
DA1968907,leeg.pdf,
DA1876941,leeg.pdf,
DA1873904,leeg.pdf,
DA1929927,leeg.pdf,
DA1928891,leeg.pdf,
DA1893890,leeg.pdf,
DA1942756,leeg.pdf,
DA1838163,leeg.pdf,
DA1716399,leeg.pdf,
DA1835128,leeg.pdf,
DA1914274,leeg.pdf,
DA1718465,leeg.pdf,
DA1811192,leeg.pdf,
DA1975569,leeg.pdf,
DA1832853,leeg.pdf,
DA1821053,leeg.pdf,
DA1945049,leeg.pdf,
DA1946879,leeg.pdf,
DA1944448,leeg.pdf,
DA1999540,leeg.pdf,
DA1914911,leeg.pdf,
DA1871056,leeg.pdf,
DA1866117,leeg.pdf,
DA1873214,leeg.pdf,
DA1944173,leeg.pdf,
DA1958217,leeg.pdf,
DA1916102,leeg.pdf,
DA1997585,leeg.pdf,
DA1921613,leeg.pdf,
DA1976999,leeg.pdf,
DA1859430,leeg.pdf,
DA1967104,leeg.pdf,
DA1749356,leeg.pdf,
DA1849080,leeg.pdf,
DA1870301,leeg.pdf,
DA1853584,leeg.pdf,
DA1834356,leeg.pdf,
DA1865086,leeg.pdf,
DA1904931,leeg.pdf,
DA1743840,leeg.pdf,
DA1724455,leeg.pdf,
DA1881342,leeg.pdf,
DA1779365,leeg.pdf,
DA1834200,leeg.pdf,
DA1904331,leeg.pdf,
DA1945102,leeg.pdf,
DA1942450,leeg.pdf,
DA1897869,leeg.pdf,
DA1864828,leeg.pdf,
DA1859222,leeg.pdf,
DA1994580,leeg.pdf,
DA1819685,leeg.pdf,
DA1947325,leeg.pdf,
DA1717876,leeg.pdf,
DA1741667,leeg.pdf,
DA1941719,leeg.pdf,
DA1849217,leeg.pdf,
DA1832744,leeg.pdf,
DA1878328,leeg.pdf,
DA1777343,leeg.pdf,
DA1996583,leeg.pdf,
DA1816488,leeg.pdf,
DA1985966,leeg.pdf,
DA1837461,leeg.pdf,
DA1919801,leeg.pdf,
DA1741940,leeg.pdf,
DA1862243,leeg.pdf,
DA1832391,leeg.pdf,
DA1746123,leeg.pdf,
DA1937019,leeg.pdf,
DA1750568,leeg.pdf,
DA1779919,leeg.pdf,
DA1783343,leeg.pdf,
DA1712340,leeg.pdf,
DA1780652,leeg.pdf,
DA1708298,leeg.pdf,
DA1805907,leeg.pdf,
DA1803930,leeg.pdf,
DA1865103,leeg.pdf,
DA1984699,leeg.pdf,
DA1816020,leeg.pdf,
DA1835113,leeg.pdf,
DA1808812,leeg.pdf,
DA1793132,leeg.pdf,
DA1717198,leeg.pdf,
DA1716532,leeg.pdf,
DA1923439,leeg.pdf,
DA1865889,leeg.pdf,
DA1771875,leeg.pdf,
DA1888975,leeg.pdf,
DA1978150,leeg.pdf,
DA1769932,leeg.pdf,
DA1806940,leeg.pdf,
DA1936160,leeg.pdf,
DA1747741,leeg.pdf,
DA1753778,leeg.pdf,
DA1921220,leeg.pdf,
DA1990395,leeg.pdf,
DA1760351,leeg.pdf,
DA1859833,leeg.pdf,
DA1945798,leeg.pdf,
DA1809470,leeg.pdf,
DA1832901,leeg.pdf,
DA1938881,leeg.pdf,
DA1764570,leeg.pdf,
DA1706500,leeg.pdf,
DA1937808,leeg.pdf,
DA1912253,leeg.pdf,
DA1968674,leeg.pdf,
DA1771234,leeg.pdf,
DA1934781,leeg.pdf,
DA1769860,leeg.pdf,
DA1763230,leeg.pdf,
DA1726290,leeg.pdf,
DA1878223,leeg.pdf,
DA1934339,leeg.pdf,
DA1795411,leeg.pdf,
DA1759410,leeg.pdf,
DA1775770,leeg.pdf,
DA1782435,leeg.pdf,
DA1980063,leeg.pdf,
DA1875954,leeg.pdf,
DA1758051,leeg.pdf,
DA1985951,leeg.pdf,
DA1812702,leeg.pdf,
DA1724761,leeg.pdf,
DA1834473,leeg.pdf,
DA1736940,leeg.pdf,
DA1935399,leeg.pdf,
DA1893281,leeg.pdf,
DA1922780,leeg.pdf,
DA1869786,leeg.pdf,
DA1831214,leeg.pdf,
DA1980574,leeg.pdf,
DA1749431,leeg.pdf,
DA1856055,leeg.pdf,
DA1839545,leeg.pdf,
DA1882832,leeg.pdf,
DA1884337,leeg.pdf,
DA1854128,leeg.pdf,
DA1938586,leeg.pdf,
DA1867890,leeg.pdf,
DA1729842,leeg.pdf,
DA1748288,leeg.pdf,
DA1743416,leeg.pdf,
DA1872338,leeg.pdf,
DA1800642,leeg.pdf,
DA1855255,leeg.pdf,
DA1884238,leeg.pdf,
DA1967802,leeg.pdf,
DA1994598,leeg.pdf,
DA1828866,leeg.pdf,
DA1840986,leeg.pdf,
DA1929925,leeg.pdf,
DA1782726,leeg.pdf,
DA1883238,leeg.pdf,
DA1836374,leeg.pdf,
DA1928603,leeg.pdf,
DA1900926,leeg.pdf,
DA1734770,leeg.pdf,
DA1753557,leeg.pdf,
DA1941641,leeg.pdf,
DA1922575,leeg.pdf,
DA1891134,leeg.pdf,
DA1822156,leeg.pdf,
DA1764022,leeg.pdf,
DA1854464,leeg.pdf,
DA1768203,leeg.pdf,
DA1749986,leeg.pdf,
DA1898522,leeg.pdf,
DA1740885,leeg.pdf,
DA1866077,leeg.pdf,
DA1803281,leeg.pdf,
DA1761092,leeg.pdf,
DA1724901,leeg.pdf,
DA1971064,leeg.pdf,
DA1958478,leeg.pdf,
DA1980422,leeg.pdf,
DA1859147,leeg.pdf,
DA1791918,leeg.pdf,
DA1913606,leeg.pdf,
DA1763062,leeg.pdf,
DA1721346,leeg.pdf,
DA1732882,leeg.pdf,
DA1954417,leeg.pdf,
DA1840912,leeg.pdf,
DA1747984,leeg.pdf,
DA1844907,leeg.pdf,
DA1712243,leeg.pdf,
DA1934178,leeg.pdf,
DA1802788,leeg.pdf,
DA1718890,leeg.pdf,
DA1715253,leeg.pdf,
DA1940138,leeg.pdf,
DA1789489,leeg.pdf,
DA1796229,leeg.pdf,
DA1781214,leeg.pdf,
DA1979809,leeg.pdf,
DA1980908,leeg.pdf,
DA1746553,leeg.pdf,
DA1927023,leeg.pdf,
DA1785925,leeg.pdf,
DA1893622,leeg.pdf,
DA1991677,leeg.pdf,
DA1836288,leeg.pdf,
DA1707662,leeg.pdf,
DA1744077,leeg.pdf,
DA1737632,leeg.pdf,
DA1817484,leeg.pdf,
DA1852685,leeg.pdf,
DA1989570,leeg.pdf,
DA1906094,leeg.pdf,
DA1964653,leeg.pdf,
DA1808223,leeg.pdf,
DA1872835,leeg.pdf,
DA1915492,leeg.pdf,
DA1979805,leeg.pdf,
DA1952945,leeg.pdf,
DA1883308,leeg.pdf,
DA1939308,leeg.pdf,
DA1912760,leeg.pdf,
DA1991785,leeg.pdf,
DA1804383,leeg.pdf,
DA1736142,leeg.pdf,
DA1715643,leeg.pdf,
DA1808860,leeg.pdf,
DA1891877,leeg.pdf,
DA1772911,leeg.pdf,
DA1731544,leeg.pdf,
DA1715612,leeg.pdf,
DA1864305,leeg.pdf,
DA1785278,leeg.pdf,
DA1906864,leeg.pdf,
DA1959912,leeg.pdf,
DA1748807,leeg.pdf,
DA1823076,leeg.pdf,
DA1740914,leeg.pdf,
DA1953344,leeg.pdf,
DA1837404,leeg.pdf,
DA1739325,leeg.pdf,
DA1920224,leeg.pdf,
DA1869997,leeg.pdf,
DA1761479,leeg.pdf,
DA1750838,leeg.pdf,
DA1725262,leeg.pdf,
DA1840751,leeg.pdf,
DA1950064,leeg.pdf,
DA1721576,leeg.pdf,
DA1988868,leeg.pdf,
DA1782044,leeg.pdf,
DA1812718,leeg.pdf,
DA1988049,leeg.pdf,
DA1887931,leeg.pdf,
DA1712453,leeg.pdf,
DA1991168,leeg.pdf,
DA1966445,leeg.pdf,
DA1842329,leeg.pdf,
DA1802195,leeg.pdf,
DA1859397,leeg.pdf,
DA1858605,leeg.pdf,
DA1794311,leeg.pdf,
DA1984605,leeg.pdf,
DA1751321,leeg.pdf,
DA1889842,leeg.pdf,
DA1850459,leeg.pdf,
DA1825550,leeg.pdf,
DA1708408,leeg.pdf,
DA1943622,leeg.pdf,
DA1827826,leeg.pdf,
DA1921785,leeg.pdf,
DA1904352,leeg.pdf,
DA1891505,leeg.pdf,
DA1870483,leeg.pdf,
DA1858029,leeg.pdf,
DA1775634,leeg.pdf,
DA1939811,leeg.pdf,
DA1793546,leeg.pdf,
DA1799081,leeg.pdf,
DA1922207,leeg.pdf,
DA1740811,leeg.pdf,
DA1925768,leeg.pdf,
DA1755426,leeg.pdf,
DA1995786,leeg.pdf,
DA1948396,leeg.pdf,
DA1960040,leeg.pdf,
DA1912373,leeg.pdf,
DA1720007,leeg.pdf,
DA1739776,leeg.pdf,
DA1735723,leeg.pdf,
DA1859894,leeg.pdf,
DA1981474,leeg.pdf,
DA1975283,leeg.pdf,
DA1893881,leeg.pdf,
DA1819160,leeg.pdf,
DA1902850,leeg.pdf,
DA1731076,leeg.pdf,
DA1940809,leeg.pdf,
DA1901952,leeg.pdf,
DA1819093,leeg.pdf,
DA1820447,leeg.pdf,
DA1804522,leeg.pdf,
DA1918015,leeg.pdf,
DA1964065,leeg.pdf,
DA1746326,leeg.pdf,
DA1761303,leeg.pdf,
DA1738827,leeg.pdf,
DA1908738,leeg.pdf,
DA1928737,leeg.pdf,
DA1886123,leeg.pdf,
DA1713843,leeg.pdf,
DA1922670,leeg.pdf,
DA1915497,leeg.pdf,
DA1805960,leeg.pdf,
DA1972984,leeg.pdf,
DA1771817,leeg.pdf,
DA1950132,leeg.pdf,
DA1759354,leeg.pdf,
DA1797258,leeg.pdf,
DA1771672,leeg.pdf,
DA1895159,leeg.pdf,
DA1852110,leeg.pdf,
DA1953563,leeg.pdf,
DA1890022,leeg.pdf,
DA1836512,leeg.pdf,
DA1799261,leeg.pdf,
DA1761996,leeg.pdf,
DA1748633,leeg.pdf,
DA1950068,leeg.pdf,
DA1993747,leeg.pdf,
DA1849448,leeg.pdf,
DA1715810,leeg.pdf,
DA1806372,leeg.pdf,
DA1870517,leeg.pdf,
DA1762042,leeg.pdf,
DA1992731,leeg.pdf,
DA1822153,leeg.pdf,
DA1899990,leeg.pdf,
DA1978279,leeg.pdf,
DA1828616,leeg.pdf,
DA1994347,leeg.pdf,
DA1989973,leeg.pdf,
DA1927346,leeg.pdf,
DA1894342,leeg.pdf,
DA1961510,leeg.pdf,
DA1845808,leeg.pdf,
DA1843843,leeg.pdf,
DA1714257,leeg.pdf,
DA1799807,leeg.pdf,
DA1817156,leeg.pdf,
DA1743455,leeg.pdf,
DA1884669,leeg.pdf,
DA1854866,leeg.pdf,
DA1758455,leeg.pdf,
DA1808689,leeg.pdf,
DA1979052,leeg.pdf,
DA1865830,leeg.pdf,
DA1843485,leeg.pdf,
DA1846854,leeg.pdf,
DA1769591,leeg.pdf,
DA1963202,leeg.pdf,
DA1719492,leeg.pdf,
DA1899692,leeg.pdf,
DA1967591,leeg.pdf,
DA1918938,leeg.pdf,
DA1895208,leeg.pdf,
DA1751390,leeg.pdf,
DA1737411,leeg.pdf,
DA1783803,leeg.pdf,
DA1996678,leeg.pdf,
DA1811815,leeg.pdf,
DA1865360,leeg.pdf,
DA1760005,leeg.pdf,
DA1806833,leeg.pdf,
DA1871518,leeg.pdf,
DA1815706,leeg.pdf,
DA1996872,leeg.pdf,
DA1739700,leeg.pdf,
DA1890827,leeg.pdf,
DA1878909,leeg.pdf,
DA1775384,leeg.pdf,
DA1989709,leeg.pdf,
DA1930883,leeg.pdf,
DA1830026,leeg.pdf,
DA1853661,leeg.pdf,
DA1774180,leeg.pdf,
DA1963346,leeg.pdf,
DA1739060,leeg.pdf,
DA1952931,leeg.pdf,
DA1928044,leeg.pdf,
DA1709580,leeg.pdf,
DA1998337,leeg.pdf,
DA1826548,leeg.pdf,
DA1812628,leeg.pdf,
DA1887465,leeg.pdf,
DA1771570,leeg.pdf,
DA1707367,leeg.pdf,
DA1971314,leeg.pdf,
DA1893772,leeg.pdf,
DA1721572,leeg.pdf,
DA1990436,leeg.pdf,
DA1769765,leeg.pdf,
DA1730467,leeg.pdf,
DA1758061,leeg.pdf,
DA1747930,leeg.pdf,
DA1757758,leeg.pdf,
DA1798765,leeg.pdf,
DA1911078,leeg.pdf,
DA1793055,leeg.pdf,
DA1927175,leeg.pdf,
DA1844171,leeg.pdf,
DA1842682,leeg.pdf,
DA1940161,leeg.pdf,
DA1801778,leeg.pdf,
DA1736767,leeg.pdf,
DA1892866,leeg.pdf,
DA1713002,leeg.pdf,
DA1850034,leeg.pdf,
DA1828793,leeg.pdf,
DA1733831,leeg.pdf,
DA1738385,leeg.pdf,
DA1740217,leeg.pdf,
DA1753613,leeg.pdf,
DA1758803,leeg.pdf,
DA1851757,leeg.pdf,
DA1762912,leeg.pdf,
DA1976225,leeg.pdf,
DA1850846,leeg.pdf,
DA1977372,leeg.pdf,
DA1905433,leeg.pdf,
DA1750261,leeg.pdf,
DA1832129,leeg.pdf,
DA1792579,leeg.pdf,
DA1934613,leeg.pdf,
DA1908376,leeg.pdf,
DA1956317,leeg.pdf,
DA1901164,leeg.pdf,
DA1779962,leeg.pdf,
DA1870948,leeg.pdf,
DA1860283,leeg.pdf,
DA1996906,leeg.pdf,
DA1871252,leeg.pdf,
DA1990363,leeg.pdf,
DA1814397,leeg.pdf,
DA1742744,leeg.pdf,
DA1785519,leeg.pdf,
DA1711181,leeg.pdf,
DA1770305,leeg.pdf,
DA1736958,leeg.pdf,
DA1827962,leeg.pdf,
DA1966175,leeg.pdf,
DA1903261,leeg.pdf,
DA1792446,leeg.pdf,
DA1802883,leeg.pdf,
DA1882210,leeg.pdf,
DA1747014,leeg.pdf,
DA1955288,leeg.pdf,
DA1826365,leeg.pdf,
DA1882746,leeg.pdf,
DA1897142,leeg.pdf,
DA1822594,leeg.pdf,
DA1751352,leeg.pdf,
DA1991666,leeg.pdf,
DA1826743,leeg.pdf,
DA1713891,leeg.pdf,
DA1897316,leeg.pdf,
DA1967485,leeg.pdf,
DA1848391,leeg.pdf,
DA1864421,leeg.pdf,
DA1729566,leeg.pdf,
DA1816552,leeg.pdf,
DA1729451,leeg.pdf,
DA1873592,leeg.pdf,
DA1708890,leeg.pdf,
DA1797492,leeg.pdf,
DA1803829,leeg.pdf,
DA1988986,leeg.pdf,
DA1816725,leeg.pdf,
DA1867484,leeg.pdf,
DA1944898,leeg.pdf,
DA1973592,leeg.pdf,
DA1991890,leeg.pdf,
DA1953431,leeg.pdf,
DA1771695,leeg.pdf,
DA1799683,leeg.pdf,
DA1931681,leeg.pdf,
DA1739141,leeg.pdf,
DA1893790,leeg.pdf,
DA1882695,leeg.pdf,
DA1925588,leeg.pdf,
DA1827614,leeg.pdf,
DA1854387,leeg.pdf,
DA1929621,leeg.pdf,
DA1872986,leeg.pdf,
DA1769221,leeg.pdf,
DA1803627,leeg.pdf,
DA1888361,leeg.pdf,
DA1891305,leeg.pdf,
DA1823302,leeg.pdf,
DA1899233,leeg.pdf,
DA1833502,leeg.pdf,
DA1783283,leeg.pdf,
DA1743158,leeg.pdf,
DA1711230,leeg.pdf,
DA1905659,leeg.pdf,
DA1736369,leeg.pdf,
DA1880156,leeg.pdf,
DA1878686,leeg.pdf,
DA1891875,leeg.pdf,
DA1786535,leeg.pdf,
DA1913816,leeg.pdf,
DA1756602,leeg.pdf,
DA1934034,leeg.pdf,
DA1776614,leeg.pdf,
DA1888850,leeg.pdf,
DA1718776,leeg.pdf,
DA1804418,leeg.pdf,
DA1953272,leeg.pdf,
DA1906541,leeg.pdf,
DA1907391,leeg.pdf,
DA1906648,leeg.pdf,
DA1946949,leeg.pdf,
DA1759984,leeg.pdf,
DA1949172,leeg.pdf,
DA1710883,leeg.pdf,
DA1853061,leeg.pdf,
DA1863587,leeg.pdf,
DA1808811,leeg.pdf,
DA1722129,leeg.pdf,
DA1804798,leeg.pdf,
DA1740740,leeg.pdf,
DA1874178,leeg.pdf,
DA1721329,leeg.pdf,
DA1791583,leeg.pdf,
DA1869120,leeg.pdf,
DA1795197,leeg.pdf,
DA1781998,leeg.pdf,
DA1718741,leeg.pdf,
DA1998422,leeg.pdf,
DA1722393,leeg.pdf,
DA1967656,leeg.pdf,
DA1740775,leeg.pdf,
DA1757846,leeg.pdf,
DA1712810,leeg.pdf,
DA1936413,leeg.pdf,
DA1961855,leeg.pdf,
DA1756174,leeg.pdf,
DA1827250,leeg.pdf,
DA1808928,leeg.pdf,
DA1737462,leeg.pdf,
DA1881142,leeg.pdf,
DA1767239,leeg.pdf,
DA1777715,leeg.pdf,
DA1797324,leeg.pdf,
DA1718860,leeg.pdf,
DA1810049,leeg.pdf,
DA1730206,leeg.pdf,
DA1905375,leeg.pdf,
DA1818792,leeg.pdf,
DA1858731,leeg.pdf,
DA1903925,leeg.pdf,
DA1911816,leeg.pdf,
DA1813738,leeg.pdf,
DA1722941,leeg.pdf,
DA1980969,leeg.pdf,
DA1795157,leeg.pdf,
DA1827332,leeg.pdf,
DA1764626,leeg.pdf,
DA1884551,leeg.pdf,
DA1710171,leeg.pdf,
DA1909922,leeg.pdf,
DA1905248,leeg.pdf,
DA1830474,leeg.pdf,
DA1762863,leeg.pdf,
DA1852287,leeg.pdf,
DA1971905,leeg.pdf,
DA1758582,leeg.pdf,
DA1942773,leeg.pdf,
DA1861834,leeg.pdf,
DA1894486,leeg.pdf,
DA1862382,leeg.pdf,
DA1853411,leeg.pdf,
DA1914605,leeg.pdf,
DA1800200,leeg.pdf,
DA1758386,leeg.pdf,
DA1739397,leeg.pdf,
DA1989703,leeg.pdf,
DA1917480,leeg.pdf,
DA1870598,leeg.pdf,
DA1932934,leeg.pdf,
DA1764761,leeg.pdf,
DA1791938,leeg.pdf,
DA1886267,leeg.pdf,
DA1891978,leeg.pdf,
DA1895541,leeg.pdf,
DA1963811,leeg.pdf,
DA1913627,leeg.pdf,
DA1925299,leeg.pdf,
DA1787665,leeg.pdf,
DA1813150,leeg.pdf,
DA1897925,leeg.pdf,
DA1742008,leeg.pdf,
DA1720611,leeg.pdf,
DA1996277,leeg.pdf,
DA1900763,leeg.pdf,
DA1753550,leeg.pdf,
DA1862724,leeg.pdf,
DA1972703,leeg.pdf,
DA1819245,leeg.pdf,
DA1745825,leeg.pdf,
DA1912834,leeg.pdf,
DA1804315,leeg.pdf,
DA1822785,leeg.pdf,
DA1766339,leeg.pdf,
DA1899795,leeg.pdf,
DA1949041,leeg.pdf,
DA1966202,leeg.pdf,
DA1804949,leeg.pdf,
DA1926075,leeg.pdf,
DA1992120,leeg.pdf,
DA1829156,leeg.pdf,
DA1914251,leeg.pdf,
DA1869286,leeg.pdf,
DA1726699,leeg.pdf,
DA1727927,leeg.pdf,
DA1860590,leeg.pdf,
DA1774483,leeg.pdf,
DA1751540,leeg.pdf,
DA1878651,leeg.pdf,
DA1940204,leeg.pdf,
DA1716938,leeg.pdf,
DA1871704,leeg.pdf,
DA1794704,leeg.pdf,
DA1974891,leeg.pdf,
DA1978460,leeg.pdf,
DA1980359,leeg.pdf,
DA1840636,leeg.pdf,
DA1789001,leeg.pdf,
DA1927594,leeg.pdf,
DA1836771,leeg.pdf,
DA1910043,leeg.pdf,
DA1902081,leeg.pdf,
DA1728597,leeg.pdf,
DA1840602,leeg.pdf,
DA1926308,leeg.pdf,
DA1756549,leeg.pdf,
DA1815854,leeg.pdf,
DA1839022,leeg.pdf,
DA1872010,leeg.pdf,
DA1919327,leeg.pdf,
DA1878416,leeg.pdf,
DA1751947,leeg.pdf,
DA1865684,leeg.pdf,
DA1999530,leeg.pdf,
DA1981435,leeg.pdf,
DA1811739,leeg.pdf,
DA1751437,leeg.pdf,
DA1742689,leeg.pdf,
DA1990689,leeg.pdf,
DA1745530,leeg.pdf,
DA1724290,leeg.pdf,
DA1748522,leeg.pdf,
DA1841597,leeg.pdf,
