01-00-00-01;spie.pdf
01-00-10-00;spie.pdf
01-00-10-01;spie.pdf
01-00-20-00;spie.pdf
01-00-20-01;spie.pdf
01-00-30-00;spie.pdf
01-00-30-01;spie.pdf
01-00-40-00;spie.pdf
01-00-40-01;spie.pdf
01-00-50-00;spie.pdf
02-00-00-01;spie.pdf
02-00-10-00;spie.pdf
02-00-10-01;spie.pdf
02-00-20-00;spie.pdf
02-00-20-01;spie.pdf
02-00-30-00;spie.pdf
02-00-30-01;spie.pdf
02-00-40-00;spie.pdf
02-00-40-01;spie.pdf
02-00-50-00;spie.pdf
03-00-00-01;spie.pdf
03-00-10-00;spie.pdf
03-00-10-01;spie.pdf
03-00-20-00;spie.pdf
03-00-20-01;spie.pdf
03-00-30-00;spie.pdf
03-00-30-01;spie.pdf
03-00-40-00;spie.pdf
03-00-40-01;spie.pdf
03-00-50-00;spie.pdf
04-00-00-01;spie.pdf
04-00-10-00;spie.pdf
04-00-10-01;spie.pdf
04-00-20-00;spie.pdf
04-00-20-01;spie.pdf
04-00-30-00;spie.pdf
04-00-30-01;spie.pdf
04-00-40-00;spie.pdf
04-00-40-01;spie.pdf
04-00-50-00;spie.pdf
05-00-00-01;spie.pdf
05-00-10-00;spie.pdf
05-00-10-01;spie.pdf
05-00-20-00;spie.pdf
05-00-20-01;spie.pdf
05-00-30-00;spie.pdf
05-00-30-01;spie.pdf
05-00-40-00;spie.pdf
05-00-40-01;spie.pdf
05-00-50-00;spie.pdf
06-00-00-01;spie.pdf
06-00-10-00;spie.pdf
06-00-10-01;spie.pdf
06-00-20-00;spie.pdf
06-00-20-01;spie.pdf
06-00-30-00;spie.pdf
06-00-30-01;spie.pdf
06-00-40-00;spie.pdf
06-00-40-01;spie.pdf
06-00-50-00;spie.pdf
07-00-00-01;spie.pdf
07-00-10-00;spie.pdf
07-00-10-01;spie.pdf
07-00-20-00;spie.pdf
07-00-20-01;spie.pdf
07-00-30-00;spie.pdf
07-00-30-01;spie.pdf
07-00-40-00;spie.pdf
07-00-40-01;spie.pdf
07-00-50-00;spie.pdf
08-00-00-01;spie.pdf
08-00-10-00;spie.pdf
08-00-10-01;spie.pdf
08-00-20-00;spie.pdf
08-00-20-01;spie.pdf
08-00-30-00;spie.pdf
08-00-30-01;spie.pdf
08-00-40-00;spie.pdf
08-00-40-01;spie.pdf
08-00-50-00;spie.pdf
09-00-00-01;spie.pdf
09-00-10-00;spie.pdf
09-00-10-01;spie.pdf
09-00-20-00;spie.pdf
09-00-20-01;spie.pdf
09-00-30-00;spie.pdf
09-00-30-01;spie.pdf
09-00-40-00;spie.pdf
09-00-40-01;spie.pdf
09-00-50-00;spie.pdf
10-00-00-01;spie.pdf
10-00-10-00;spie.pdf
10-00-10-01;spie.pdf
10-00-20-00;spie.pdf
10-00-20-01;spie.pdf
10-00-30-00;spie.pdf
10-00-30-01;spie.pdf
10-00-40-00;spie.pdf
10-00-40-01;spie.pdf
10-00-50-00;spie.pdf
11-00-00-01;spie.pdf
11-00-10-00;spie.pdf
11-00-10-01;spie.pdf
11-00-20-00;spie.pdf
11-00-20-01;spie.pdf
11-00-30-00;spie.pdf
11-00-30-01;spie.pdf
11-00-40-00;spie.pdf
11-00-40-01;spie.pdf
11-00-50-00;spie.pdf
12-00-00-01;spie.pdf
12-00-10-00;spie.pdf
12-00-10-01;spie.pdf
12-00-20-00;spie.pdf
12-00-20-01;spie.pdf
12-00-30-00;spie.pdf
12-00-30-01;spie.pdf
12-00-40-00;spie.pdf
12-00-40-01;spie.pdf
12-00-50-00;spie.pdf
13-00-00-01;spie.pdf
13-00-10-00;spie.pdf
13-00-10-01;spie.pdf
13-00-20-00;spie.pdf
13-00-20-01;spie.pdf
13-00-30-00;spie.pdf
13-00-30-01;spie.pdf
13-00-40-00;spie.pdf
13-00-40-01;spie.pdf
13-00-50-00;spie.pdf
14-00-00-01;spie.pdf
14-00-10-00;spie.pdf
14-00-10-01;spie.pdf
14-00-20-00;spie.pdf
14-00-20-01;spie.pdf
14-00-30-00;spie.pdf
14-00-30-01;spie.pdf
14-00-40-00;spie.pdf
14-00-40-01;spie.pdf
14-00-50-00;spie.pdf
15-00-00-01;spie.pdf
15-00-10-00;spie.pdf
15-00-10-01;spie.pdf
15-00-20-00;spie.pdf
15-00-20-01;spie.pdf
15-00-30-00;spie.pdf
15-00-30-01;spie.pdf
15-00-40-00;spie.pdf
15-00-40-01;spie.pdf
15-00-50-00;spie.pdf
01-00-50-01;zuyderland.pdf
01-00-60-00;zuyderland.pdf
01-00-60-01;zuyderland.pdf
01-00-70-00;zuyderland.pdf
01-00-70-01;zuyderland.pdf
01-00-80-00;zuyderland.pdf
01-00-80-01;zuyderland.pdf
01-00-90-00;zuyderland.pdf
01-00-90-01;zuyderland.pdf
01-01-00-00;zuyderland.pdf
02-00-50-01;zuyderland.pdf
02-00-60-00;zuyderland.pdf
02-00-60-01;zuyderland.pdf
02-00-70-00;zuyderland.pdf
02-00-70-01;zuyderland.pdf
02-00-80-00;zuyderland.pdf
02-00-80-01;zuyderland.pdf
02-00-90-00;zuyderland.pdf
02-00-90-01;zuyderland.pdf
02-01-00-00;zuyderland.pdf
03-00-50-01;zuyderland.pdf
03-00-60-00;zuyderland.pdf
03-00-60-01;zuyderland.pdf
03-00-70-00;zuyderland.pdf
03-00-70-01;zuyderland.pdf
03-00-80-00;zuyderland.pdf
03-00-80-01;zuyderland.pdf
03-00-90-00;zuyderland.pdf
03-00-90-01;zuyderland.pdf
03-01-00-00;zuyderland.pdf
04-00-50-01;zuyderland.pdf
04-00-60-00;zuyderland.pdf
04-00-60-01;zuyderland.pdf
04-00-70-00;zuyderland.pdf
04-00-70-01;zuyderland.pdf
04-00-80-00;zuyderland.pdf
04-00-80-01;zuyderland.pdf
04-00-90-00;zuyderland.pdf
04-00-90-01;zuyderland.pdf
04-01-00-00;zuyderland.pdf
05-00-50-01;zuyderland.pdf
05-00-60-00;zuyderland.pdf
05-00-60-01;zuyderland.pdf
05-00-70-00;zuyderland.pdf
05-00-70-01;zuyderland.pdf
05-00-80-00;zuyderland.pdf
05-00-80-01;zuyderland.pdf
05-00-90-00;zuyderland.pdf
05-00-90-01;zuyderland.pdf
05-01-00-00;zuyderland.pdf
06-00-50-01;zuyderland.pdf
06-00-60-00;zuyderland.pdf
06-00-60-01;zuyderland.pdf
06-00-70-00;zuyderland.pdf
06-00-70-01;zuyderland.pdf
06-00-80-00;zuyderland.pdf
06-00-80-01;zuyderland.pdf
06-00-90-00;zuyderland.pdf
06-00-90-01;zuyderland.pdf
06-01-00-00;zuyderland.pdf
07-00-50-01;zuyderland.pdf
07-00-60-00;zuyderland.pdf
07-00-60-01;zuyderland.pdf
07-00-70-00;zuyderland.pdf
07-00-70-01;zuyderland.pdf
07-00-80-00;zuyderland.pdf
07-00-80-01;zuyderland.pdf
07-00-90-00;zuyderland.pdf
07-00-90-01;zuyderland.pdf
07-01-00-00;zuyderland.pdf
08-00-50-01;zuyderland.pdf
08-00-60-00;zuyderland.pdf
08-00-60-01;zuyderland.pdf
08-00-70-00;zuyderland.pdf
08-00-70-01;zuyderland.pdf
08-00-80-00;zuyderland.pdf
08-00-80-01;zuyderland.pdf
08-00-90-00;zuyderland.pdf
08-00-90-01;zuyderland.pdf
08-01-00-00;zuyderland.pdf
09-00-50-01;zuyderland.pdf
09-00-60-00;zuyderland.pdf
09-00-60-01;zuyderland.pdf
09-00-70-00;zuyderland.pdf
09-00-70-01;zuyderland.pdf
09-00-80-00;zuyderland.pdf
09-00-80-01;zuyderland.pdf
09-00-90-00;zuyderland.pdf
09-00-90-01;zuyderland.pdf
09-01-00-00;zuyderland.pdf
10-00-50-01;zuyderland.pdf
10-00-60-00;zuyderland.pdf
10-00-60-01;zuyderland.pdf
10-00-70-00;zuyderland.pdf
10-00-70-01;zuyderland.pdf
10-00-80-00;zuyderland.pdf
10-00-80-01;zuyderland.pdf
10-00-90-00;zuyderland.pdf
10-00-90-01;zuyderland.pdf
10-01-00-00;zuyderland.pdf
11-00-50-01;zuyderland.pdf
11-00-60-00;zuyderland.pdf
11-00-60-01;zuyderland.pdf
11-00-70-00;zuyderland.pdf
11-00-70-01;zuyderland.pdf
11-00-80-00;zuyderland.pdf
11-00-80-01;zuyderland.pdf
11-00-90-00;zuyderland.pdf
11-00-90-01;zuyderland.pdf
11-01-00-00;zuyderland.pdf
12-00-50-01;zuyderland.pdf
12-00-60-00;zuyderland.pdf
12-00-60-01;zuyderland.pdf
12-00-70-00;zuyderland.pdf
12-00-70-01;zuyderland.pdf
12-00-80-00;zuyderland.pdf
12-00-80-01;zuyderland.pdf
12-00-90-00;zuyderland.pdf
12-00-90-01;zuyderland.pdf
12-01-00-00;zuyderland.pdf
13-00-50-01;zuyderland.pdf
13-00-60-00;zuyderland.pdf
13-00-60-01;zuyderland.pdf
13-00-70-00;zuyderland.pdf
13-00-70-01;zuyderland.pdf
13-00-80-00;zuyderland.pdf
13-00-80-01;zuyderland.pdf
13-00-90-00;zuyderland.pdf
13-00-90-01;zuyderland.pdf
13-01-00-00;zuyderland.pdf
14-00-50-01;zuyderland.pdf
14-00-60-00;zuyderland.pdf
14-00-60-01;zuyderland.pdf
14-00-70-00;zuyderland.pdf
14-00-70-01;zuyderland.pdf
14-00-80-00;zuyderland.pdf
14-00-80-01;zuyderland.pdf
14-00-90-00;zuyderland.pdf
14-00-90-01;zuyderland.pdf
14-01-00-00;zuyderland.pdf
15-00-50-01;zuyderland.pdf
15-00-60-00;zuyderland.pdf
15-00-60-01;zuyderland.pdf
15-00-70-00;zuyderland.pdf
15-00-70-01;zuyderland.pdf
15-00-80-00;zuyderland.pdf
15-00-80-01;zuyderland.pdf
15-00-90-00;zuyderland.pdf
15-00-90-01;zuyderland.pdf
15-01-00-00;zuyderland.pdf
