02-00-60-01;zuyderland.pdf;03-00-90-01;zuyderland.pdf;05-00-70-01;zuyderland.pdf;07-00-50-01;zuyderland.pdf;08-00-80-01;zuyderland.pdf;10-00-60-01;zuyderland.pdf;11-00-90-01;zuyderland.pdf;13-00-70-01;zuyderland.pdf;15-00-50-01;zuyderland.pdf
02-00-70-00;zuyderland.pdf;03-01-00-00;zuyderland.pdf;05-00-80-00;zuyderland.pdf;07-00-60-00;zuyderland.pdf;08-00-90-00;zuyderland.pdf;10-00-70-00;zuyderland.pdf;11-01-00-00;zuyderland.pdf;13-00-80-00;zuyderland.pdf;15-00-60-00;zuyderland.pdf
02-00-70-01;zuyderland.pdf;04-00-50-01;zuyderland.pdf;05-00-80-01;zuyderland.pdf;07-00-60-01;zuyderland.pdf;08-00-90-01;zuyderland.pdf;10-00-70-01;zuyderland.pdf;12-00-50-01;zuyderland.pdf;13-00-80-01;zuyderland.pdf;15-00-60-01;zuyderland.pdf
02-00-80-00;zuyderland.pdf;04-00-60-00;zuyderland.pdf;05-00-90-00;zuyderland.pdf;07-00-70-00;zuyderland.pdf;08-01-00-00;zuyderland.pdf;10-00-80-00;zuyderland.pdf;12-00-60-00;zuyderland.pdf;13-00-90-00;zuyderland.pdf;15-00-70-00;zuyderland.pdf
02-00-80-01;zuyderland.pdf;04-00-60-01;zuyderland.pdf;05-00-90-01;zuyderland.pdf;07-00-70-01;zuyderland.pdf;09-00-50-01;zuyderland.pdf;10-00-80-01;zuyderland.pdf;12-00-60-01;zuyderland.pdf;13-00-90-01;zuyderland.pdf;15-00-70-01;zuyderland.pdf
02-00-90-00;zuyderland.pdf;04-00-70-00;zuyderland.pdf;05-01-00-00;zuyderland.pdf;07-00-80-00;zuyderland.pdf;09-00-60-00;zuyderland.pdf;10-00-90-00;zuyderland.pdf;12-00-70-00;zuyderland.pdf;13-01-00-00;zuyderland.pdf;15-00-80-00;zuyderland.pdf
02-00-90-01;zuyderland.pdf;04-00-70-01;zuyderland.pdf;06-00-50-01;zuyderland.pdf;07-00-80-01;zuyderland.pdf;09-00-60-01;zuyderland.pdf;10-00-90-01;zuyderland.pdf;12-00-70-01;zuyderland.pdf;14-00-50-01;zuyderland.pdf;15-00-80-01;zuyderland.pdf
02-01-00-00;zuyderland.pdf;04-00-80-00;zuyderland.pdf;06-00-60-00;zuyderland.pdf;07-00-90-00;zuyderland.pdf;09-00-70-00;zuyderland.pdf;10-01-00-00;zuyderland.pdf;12-00-80-00;zuyderland.pdf;14-00-60-00;zuyderland.pdf;15-00-90-00;zuyderland.pdf
03-00-50-01;zuyderland.pdf;04-00-80-01;zuyderland.pdf;06-00-60-01;zuyderland.pdf;07-00-90-01;zuyderland.pdf;09-00-70-01;zuyderland.pdf;11-00-50-01;zuyderland.pdf;12-00-80-01;zuyderland.pdf;14-00-60-01;zuyderland.pdf;15-00-90-01;zuyderland.pdf
03-00-60-00;zuyderland.pdf;04-00-90-00;zuyderland.pdf;06-00-70-00;zuyderland.pdf;07-01-00-00;zuyderland.pdf;09-00-80-00;zuyderland.pdf;11-00-60-00;zuyderland.pdf;12-00-90-00;zuyderland.pdf;14-00-70-00;zuyderland.pdf;15-01-00-00;zuyderland.pdf
03-00-60-01;zuyderland.pdf;04-00-90-01;zuyderland.pdf;06-00-70-01;zuyderland.pdf;08-00-50-01;zuyderland.pdf;09-00-80-01;zuyderland.pdf;11-00-60-01;zuyderland.pdf;12-00-90-01;zuyderland.pdf;14-00-70-01;zuyderland.pdf;;leeg.pdf
03-00-70-00;zuyderland.pdf;04-01-00-00;zuyderland.pdf;06-00-80-00;zuyderland.pdf;08-00-60-00;zuyderland.pdf;09-00-90-00;zuyderland.pdf;11-00-70-00;zuyderland.pdf;12-01-00-00;zuyderland.pdf;14-00-80-00;zuyderland.pdf;;leeg.pdf
03-00-70-01;zuyderland.pdf;05-00-50-01;zuyderland.pdf;06-00-80-01;zuyderland.pdf;08-00-60-01;zuyderland.pdf;09-00-90-01;zuyderland.pdf;11-00-70-01;zuyderland.pdf;13-00-50-01;zuyderland.pdf;14-00-80-01;zuyderland.pdf;;leeg.pdf
03-00-80-00;zuyderland.pdf;05-00-60-00;zuyderland.pdf;06-00-90-00;zuyderland.pdf;08-00-70-00;zuyderland.pdf;09-01-00-00;zuyderland.pdf;11-00-80-00;zuyderland.pdf;13-00-60-00;zuyderland.pdf;14-00-90-00;zuyderland.pdf;;leeg.pdf
03-00-80-01;zuyderland.pdf;05-00-60-01;zuyderland.pdf;06-00-90-01;zuyderland.pdf;08-00-70-01;zuyderland.pdf;10-00-50-01;zuyderland.pdf;11-00-80-01;zuyderland.pdf;13-00-60-01;zuyderland.pdf;14-00-90-01;zuyderland.pdf;;leeg.pdf
03-00-90-00;zuyderland.pdf;05-00-70-00;zuyderland.pdf;06-01-00-00;zuyderland.pdf;08-00-80-00;zuyderland.pdf;10-00-60-00;zuyderland.pdf;11-00-90-00;zuyderland.pdf;13-00-70-00;zuyderland.pdf;14-01-00-00;zuyderland.pdf;;leeg.pdf
