id;aantal_rolen;aantal;pdf
1;1 rol(len);950;201922020_outline_1.pdf
2;1 rol(len);1100;201922020_outline_2.pdf
3;1 rol(len);1400;201922020_outline_3.pdf
4;1 rol(len);1400;201922020_outline_4.pdf
5;1 rol(len);1650;201922020_outline_5.pdf
6;1 rol(len);1650;201922020_outline_6.pdf
7;1 rol(len);1800;201922020_outline_7.pdf
8;1 rol(len);2000;201922020_outline_8.pdf
9;1 rol(len);2150;201922020_outline_9.pdf
10;1 rol(len);2250;201922020_outline_10.pdf
11;1 rol(len);2300;201922020_outline_11.pdf
12;1 rol(len);2300;201922020_outline_12.pdf
13;1 rol(len);2350;201922020_outline_13.pdf
14;1 rol(len);2400;201922020_outline_14.pdf
15;1 rol(len);2450;201922020_outline_15.pdf
16;1 rol(len);2500;201922020_outline_16.pdf
17;1 rol(len);2700;201922020_outline_17.pdf
18;1 rol(len);2800;201922020_outline_18.pdf
19;1 rol(len);2900;201922020_outline_19.pdf
20;1 rol(len);3100;201922020_outline_20.pdf
21;1 rol(len);3600;201922020_outline_21.pdf
22;1 rol(len);3800;201922020_outline_22.pdf
23;1 rol(len);3800;201922020_outline_23.pdf
24;1 rol(len);4100;201922020_outline_24.pdf
25;1 rol(len);4350;201922020_outline_25.pdf
26;1 rol(len);4350;201922020_outline_26.pdf
27;1 rol(len);4700;201922020_outline_27.pdf
28;1 rol(len);5200;201922020_outline_28.pdf
29;2 rol(len);2600;201922020_outline_29.pdf
30;2 rol(len);2600;201922020_outline_29.pdf
31;2 rol(len);2700;201922020_outline_30.pdf
32;2 rol(len);2700;201922020_outline_30.pdf
33;2 rol(len);3000;201922020_outline_31.pdf
34;2 rol(len);3000;201922020_outline_31.pdf
35;2 rol(len);3100;201922020_outline_32.pdf
36;2 rol(len);3100;201922020_outline_32.pdf
37;2 rol(len);3125;201922020_outline_33.pdf
38;2 rol(len);3125;201922020_outline_33.pdf
39;2 rol(len);3150;201922020_outline_34.pdf
40;2 rol(len);3150;201922020_outline_34.pdf
41;2 rol(len);3200;201922020_outline_35.pdf
42;2 rol(len);3200;201922020_outline_35.pdf
43;2 rol(len);3350;201922020_outline_36.pdf
44;2 rol(len);3350;201922020_outline_36.pdf
45;2 rol(len);3450;201922020_outline_37.pdf
46;2 rol(len);3450;201922020_outline_37.pdf
47;2 rol(len);3450;201922020_outline_38.pdf
48;2 rol(len);3450;201922020_outline_38.pdf
49;2 rol(len);3450;201922020_outline_39.pdf
50;2 rol(len);3450;201922020_outline_39.pdf
51;2 rol(len);3500;201922020_outline_40.pdf
52;2 rol(len);3500;201922020_outline_40.pdf
53;2 rol(len);3700;201922020_outline_41.pdf
54;2 rol(len);3700;201922020_outline_41.pdf
55;2 rol(len);4550;201922020_outline_42.pdf
56;2 rol(len);4550;201922020_outline_42.pdf
57;2 rol(len);4600;201922020_outline_43.pdf
58;2 rol(len);4600;201922020_outline_43.pdf
59;2 rol(len);5125;201922020_outline_44.pdf
60;2 rol(len);5125;201922020_outline_44.pdf
61;3 rol(len);3770;201922020_outline_45.pdf
62;3 rol(len);3770;201922020_outline_45.pdf
63;3 rol(len);3770;201922020_outline_45.pdf
64;3 rol(len);4940;201922020_outline_46.pdf
65;3 rol(len);4940;201922020_outline_46.pdf
66;3 rol(len);4940;201922020_outline_46.pdf
67;3 rol(len);5000;201922020_outline_47.pdf
68;3 rol(len);5000;201922020_outline_47.pdf
69;3 rol(len);5000;201922020_outline_47.pdf
